{"stats":{"minecraft:custom":{"minecraft:mob_kills":32,"minecraft:interact_with_crafting_table":15,"minecraft:open_barrel":1,"minecraft:eat_cake_slice":6,"minecraft:leave_game":28,"minecraft:time_since_death":294457,"minecraft:climb_one_cm":6898,"minecraft:sprint_one_cm":844518,"minecraft:walk_one_cm":541176,"minecraft:damage_blocked_by_shield":2610,"minecraft:drop":34,"minecraft:play_noteblock":2,"minecraft:talked_to_villager":137,"minecraft:play_time":315528,"minecraft:sneak_time":11207,"minecraft:deaths":1,"minecraft:walk_under_water_one_cm":39533,"minecraft:jump":5238,"minecraft:interact_with_blast_furnace":4,"minecraft:walk_on_water_one_cm":55664,"minecraft:total_world_time":315528,"minecraft:interact_with_furnace":15,"minecraft:traded_with_villager":212,"minecraft:sleep_in_bed":15,"minecraft:time_since_rest":51607,"minecraft:damage_taken":6586,"minecraft:damage_dealt":7574,"minecraft:swim_one_cm":26540,"minecraft:fly_one_cm":1001082,"minecraft:open_chest":73,"minecraft:crouch_one_cm":34521,"minecraft:fall_one_cm":166763},"minecraft:crafted":{"minecraft:oak_planks":36,"minecraft:chainmail_helmet":9,"minecraft:tripwire_hook":2,"minecraft:lever":1,"minecraft:bone_meal":324,"minecraft:diamond_helmet":1,"minecraft:diamond_leggings":1,"minecraft:spruce_slab":12,"minecraft:chest":1,"minecraft:diamond_boots":2,"minecraft:cooked_beef":2,"minecraft:emerald":151,"minecraft:cauldron":1,"minecraft:crafting_table":1,"minecraft:spruce_planks":1492,"minecraft:iron_helmet":9,"minecraft:bucket":6,"minecraft:bread":216,"minecraft:air":0,"minecraft:spruce_trapdoor":2,"minecraft:charcoal":27,"minecraft:stick":2192,"minecraft:iron_leggings":2,"minecraft:torch":4,"minecraft:shears":1,"minecraft:diamond_chestplate":1},"minecraft:dropped":{"minecraft:iron_ingot":3,"minecraft:bread":103,"minecraft:wheat_seeds":2,"minecraft:coal":1,"minecraft:dirt":1,"minecraft:dark_oak_trapdoor":1,"minecraft:bone_meal":1,"minecraft:iron_axe":1,"minecraft:bucket":1,"minecraft:spruce_sapling":10,"minecraft:dandelion":4,"minecraft:gravel":1,"minecraft:obsidian":1,"minecraft:rotten_flesh":17,"minecraft:shears":1,"minecraft:spruce_planks":1,"minecraft:diamond_pickaxe":1,"minecraft:bamboo":6,"minecraft:diamond_boots":1,"minecraft:iron_ore":64,"minecraft:arrow":2},"minecraft:mined":{"minecraft:dark_oak_planks":5,"alexscaves:spelunkery_table":1,"minecraft:spruce_planks":63,"minecraft:white_bed":4,"minecraft:obsidian":42,"minecraft:lever":1,"minecraft:granite":18,"minecraft:grass_block":185,"minecraft:spruce_fence":1,"minecraft:spruce_leaves":29,"minecraft:composter":3,"minecraft:spawner":3,"minecraft:large_fern":1,"minecraft:magma_block":5,"minecraft:spruce_sapling":1,"minecraft:furnace":1,"minecraft:dark_oak_trapdoor":1,"minecraft:nether_sprouts":1,"minecraft:fire":5,"minecraft:barrel":8,"minecraft:stripped_spruce_log":22,"minecraft:fletching_table":16,"minecraft:stripped_dark_oak_wood":3,"minecraft:dirt_path":1,"minecraft:stone":137,"minecraft:stripped_mangrove_wood":6,"minecraft:tripwire":7,"minecraft:dandelion":4,"minecraft:crafting_table":1,"minecraft:torch":1,"minecraft:note_block":2,"minecraft:blast_furnace":2,"minecraft:calcite":9,"minecraft:chest":4,"minecraft:glass":1,"minecraft:nether_quartz_ore":23,"minecraft:cobblestone":21,"minecraft:oak_planks":1,"minecraft:diorite":12,"minecraft:wall_torch":2,"minecraft:blue_bed":8,"minecraft:cauldron":3,"minecraft:gray_wool":1,"minecraft:warped_nylium":5,"minecraft:dark_oak_slab":1,"minecraft:stripped_spruce_wood":20,"minecraft:ice":5,"minecraft:spruce_log":387,"minecraft:light_gray_wool":7,"minecraft:yellow_bed":5,"minecraft:grass":47,"minecraft:mangrove_slab":1,"minecraft:oak_log":9,"minecraft:coal_ore":2,"minecraft:gravel":4,"minecraft:dirt":93,"minecraft:tripwire_hook":1,"minecraft:netherrack":968,"minecraft:oak_leaves":5,"minecraft:deepslate":13},"minecraft:broken":{"minecraft:stone_axe":1},"minecraft:killed":{"alexsmobs:bone_serpent":1,"minecraft:skeleton":7,"betternether:naga":2,"minecraft:husk":8,"minecraft:iron_golem":1,"minecraft:zombie":7,"alexsmobs:fly":1,"minecraft:villager":2},"minecraft:used":{"minecraft:iron_bars":1,"minecraft:stone_sword":26,"minecraft:flint_and_steel":10,"minecraft:spruce_slab":12,"minecraft:chest":5,"minecraft:spruce_planks":363,"minecraft:shield":38,"minecraft:rotten_flesh":4,"minecraft:netherrack":450,"minecraft:torch":7,"minecraft:dirt":188,"minecraft:carrot":2,"minecraft:spruce_fence":2,"minecraft:snowball":19,"minecraft:stripped_spruce_log":12,"minecraft:obsidian":41,"alexsmobs:maggot":1,"minecraft:iron_axe":413,"minecraft:tripwire_hook":3,"minecraft:light_gray_wool":1,"minecraft:cooked_beef":2,"minecraft:calcite":2,"minecraft:water_bucket":64,"minecraft:diorite":1,"minecraft:warped_fungus_on_a_stick":14,"minecraft:stone_pickaxe":59,"minecraft:composter":3,"minecraft:cauldron":3,"minecraft:blue_bed":8,"minecraft:diamond_axe":62,"minecraft:fletching_table":27,"minecraft:crafting_table":2,"minecraft:blast_furnace":2,"minecraft:white_bed":5,"minecraft:cake":1,"minecraft:shears":8,"minecraft:lever":3,"minecraft:diamond_pickaxe":1203,"minecraft:diamond_shovel":230,"minecraft:bread":137,"minecraft:iron_pickaxe":8,"minecraft:string":23,"minecraft:spruce_trapdoor":2,"minecraft:gravel":3,"minecraft:spruce_sapling":28,"minecraft:stone_axe":148,"minecraft:diamond_sword":39,"minecraft:cobblestone":75,"minecraft:bucket":78,"minecraft:yellow_bed":5,"minecraft:dandelion":1,"minecraft:bone_meal":68},"minecraft:picked_up":{"minecraft:crafting_table":1,"minecraft:azure_bluet":1,"alexscaves:cave_tablet":4,"minecraft:potion":4,"minecraft:shield":1,"minecraft:string":23,"minecraft:dark_oak_trapdoor":1,"minecraft:cobbled_deepslate":13,"minecraft:spruce_planks":59,"minecraft:calcite":2,"minecraft:light_gray_wool":1,"minecraft:chest":4,"minecraft:furnace":1,"minecraft:stick":159,"minecraft:raw_iron":5,"minecraft:stripped_mangrove_wood":5,"minecraft:composter":3,"minecraft:torch":3,"minecraft:spruce_fence":2,"minecraft:cake":2,"minecraft:diorite":12,"minecraft:carrot":27,"minecraft:cauldron":3,"minecraft:dark_oak_planks":5,"minecraft:stone_sword":2,"minecraft:arrow":12,"minecraft:rotten_flesh":19,"minecraft:stone_shovel":2,"minecraft:pumpkin_pie":13,"alexscaves:spelunkery_table":1,"minecraft:stripped_dark_oak_wood":3,"minecraft:glistering_melon_slice":4,"minecraft:gold_ingot":17,"minecraft:obsidian":42,"minecraft:snowball":19,"minecraft:cobblestone":163,"minecraft:magma_block":5,"minecraft:tripwire_hook":1,"minecraft:mushroom_stew":2,"minecraft:stripped_spruce_wood":18,"minecraft:oak_log":9,"minecraft:golden_boots":1,"minecraft:yellow_bed":5,"minecraft:paper":30,"minecraft:dirt":304,"minecraft:blue_bed":8,"minecraft:leather_boots":1,"minecraft:bone":17,"minecraft:apple":13,"minecraft:wheat_seeds":6,"minecraft:iron_ingot":91,"minecraft:stone_pickaxe":2,"minecraft:fletching_table":16,"minecraft:bamboo":6,"minecraft:oak_planks":37,"minecraft:dark_oak_slab":1,"minecraft:quartz":84,"minecraft:dandelion":11,"minecraft:gravel":4,"minecraft:amethyst_shard":7,"minecraft:stripped_spruce_log":21,"minecraft:spruce_sapling":123,"minecraft:blast_furnace":2,"minecraft:white_bed":5,"minecraft:spruce_log":464,"minecraft:barrel":8,"alexsmobs:animal_dictionary":1,"minecraft:stone_axe":2,"minecraft:lever":2,"minecraft:granite":18,"minecraft:bone_meal":1,"minecraft:gray_wool":1,"minecraft:bread":48,"alexsmobs:maggot":1,"minecraft:netherrack":907,"minecraft:coal":69}},"DataVersion":3465}