{"stats":{"minecraft:dropped":{"minecraft:iron_sword":4,"minecraft:birch_planks":1,"minecraft:porkchop":2,"minecraft:diamond_axe":1,"minecraft:oak_log":1,"minecraft:chorus_fruit":9,"minecraft:leather":5,"minecraft:jungle_planks":15,"minecraft:iron_horse_armor":3,"minecraft:saddle":9,"minecraft:red_mushroom":3,"minecraft:flint":2,"minecraft:emerald":19,"alexscaves:galena":178,"minecraft:dirt":19,"minecraft:dark_oak_trapdoor":1,"minecraft:gold_nugget":205,"alexscaves:scrap_metal":10,"minecraft:pumpkin_pie":6,"minecraft:bone_meal":1,"minecraft:phantom_membrane":3,"minecraft:sand":21,"minecraft:iron_pickaxe":1,"alexscaves:azure_neodymium_pillar":2,"minecraft:dark_oak_planks":1,"minecraft:white_wool":21,"minecraft:gold_ingot":9,"minecraft:bone":10,"minecraft:gravel":1,"minecraft:iron_nugget":578,"minecraft:golden_chestplate":3,"minecraft:cobbled_deepslate":250,"minecraft:birch_sapling":12,"minecraft:wheat":21,"minecraft:obsidian":1,"minecraft:rotten_flesh":19,"minecraft:oak_planks":31,"minecraft:stone_stairs":3,"minecraft:acacia_stairs":2,"minecraft:salmon":3,"minecraft:tipped_arrow":1,"minecraft:skeleton_skull":1,"minecraft:jungle_stairs":1,"minecraft:acacia_slab":1,"minecraft:leather_boots":1,"minecraft:chest":5,"minecraft:leather_leggings":1,"minecraft:spruce_slab":3,"minecraft:iron_ore":64,"minecraft:arrow":11,"minecraft:cyan_concrete":2,"minecraft:glass":24,"minecraft:beef":2,"minecraft:quartz":30,"minecraft:netherrack":64,"minecraft:crimson_planks":4,"minecraft:enchanted_book":11,"minecraft:golden_boots":1,"minecraft:iron_ingot":5,"minecraft:bread":321,"alexscaves:raw_azure_neodymium":3,"minecraft:purple_terracotta":1,"minecraft:wheat_seeds":2,"alexscaves:galena_brick_wall":2,"minecraft:golden_horse_armor":5,"minecraft:poisonous_potato":4,"minecraft:oak_fence":1,"minecraft:iron_helmet":7,"minecraft:cobblestone":175,"minecraft:apple":3,"minecraft:amethyst_block":8,"minecraft:granite":29,"minecraft:spruce_stairs":6,"minecraft:coal":38,"minecraft:stick":25,"minecraft:pufferfish":2,"minecraft:cobweb":14,"alexscaves:galena_pillar":9,"minecraft:jungle_slab":10,"minecraft:diorite":16,"minecraft:golden_carrot":37,"minecraft:rose_bush":9,"minecraft:iron_leggings":3,"minecraft:oak_stairs":3,"minecraft:pumpkin":14,"minecraft:iron_axe":1,"minecraft:paper":35,"minecraft:string":6,"minecraft:bucket":1,"minecraft:redstone":33,"minecraft:spruce_sapling":10,"minecraft:dandelion":4,"minecraft:smooth_basalt":6,"minecraft:soul_soil":42,"minecraft:tuff":24,"minecraft:raw_iron":51,"minecraft:iron_boots":1,"minecraft:blue_concrete":3,"alexscaves:metal_scaffolding":5,"minecraft:light_gray_concrete":2,"minecraft:stripped_acacia_wood":4,"minecraft:light_blue_concrete":3,"minecraft:shears":1,"minecraft:suspicious_stew":1,"minecraft:flint_and_steel":4,"minecraft:diamond_sword":2,"minecraft:potato":4,"minecraft:cyan_wool":3,"minecraft:shield":1,"minecraft:spruce_planks":63,"minecraft:iron_chestplate":3,"minecraft:diamond_pickaxe":2,"minecraft:andesite":11,"minecraft:oak_sapling":4,"minecraft:golden_sword":4,"alexscaves:scrap_metal_plate":3,"minecraft:bamboo":6,"alexscaves:packed_galena":32,"minecraft:diamond_boots":1,"minecraft:slime_ball":17,"minecraft:blue_orchid":18,"minecraft:raw_gold":9,"minecraft:calcite":10},"minecraft:broken":{"minecraft:stone_axe":1,"minecraft:bow":1,"minecraft:shield":1},"minecraft:killed":{"minecraft:spider":2,"minecraft:skeleton":16,"ava:blue_robot":10,"alexscaves:teletor":3,"minecraft:iron_golem":1,"minecraft:pillager":12,"minecraft:zombie":12,"alexsmobs:fly":1,"alexsmobs:bone_serpent":1,"minecraft:vindicator":4,"alexscaves:ferrouslime":1,"minecraft:phantom":3,"betternether:naga":4,"minecraft:husk":13,"minecraft:hoglin":12,"betternether:jungle_skeleton":2,"minecraft:wither_skeleton":8,"minecraft:villager":3,"minecraft:enderman":1},"minecraft:crafted":{"minecraft:oak_planks":56,"minecraft:chainmail_helmet":9,"minecraft:cobblestone_slab":6,"minecraft:lever":1,"minecraft:bookshelf":54,"minecraft:glass":72,"minecraft:diamond_helmet":1,"minecraft:diamond_leggings":1,"minecraft:chest":1,"alexscaves:cave_book":1,"minecraft:emerald":191,"minecraft:cauldron":1,"minecraft:crafting_table":2,"minecraft:spruce_planks":1748,"minecraft:iron_helmet":9,"minecraft:clock":4,"minecraft:birch_planks":340,"minecraft:spruce_trapdoor":2,"minecraft:charcoal":27,"minecraft:stick":2704,"minecraft:shears":1,"minecraft:tripwire_hook":2,"minecraft:bone_meal":324,"alexscaves:cave_map":2,"travelersbackpack:villager":4,"minecraft:lantern":54,"minecraft:spruce_slab":12,"minecraft:diamond_boots":2,"minecraft:cooked_beef":2,"minecraft:bucket":6,"minecraft:enchanted_book":211,"minecraft:air":0,"minecraft:bread":408,"minecraft:oak_boat":1,"minecraft:gold_nugget":9,"minecraft:iron_leggings":2,"minecraft:torch":4,"minecraft:diamond_chestplate":1},"minecraft:custom":{"minecraft:interact_with_crafting_table":26,"minecraft:open_barrel":3,"minecraft:eat_cake_slice":6,"minecraft:leave_game":53,"minecraft:time_since_death":591589,"minecraft:damage_resisted":524,"minecraft:sprint_one_cm":1432470,"minecraft:damage_blocked_by_shield":2730,"minecraft:drop":294,"minecraft:play_noteblock":2,"minecraft:talked_to_villager":521,"minecraft:play_time":612660,"minecraft:deaths":1,"minecraft:jump":8942,"minecraft:walk_on_water_one_cm":90272,"minecraft:interact_with_furnace":15,"minecraft:traded_with_villager":629,"minecraft:interact_with_loom":16,"minecraft:sleep_in_bed":33,"minecraft:damage_dealt":25018,"minecraft:crouch_one_cm":49500,"minecraft:interact_with_smithing_table":1,"minecraft:horse_one_cm":419901,"minecraft:interact_with_anvil":11,"minecraft:mob_kills":112,"minecraft:climb_one_cm":20591,"minecraft:walk_one_cm":936957,"minecraft:sneak_time":19294,"minecraft:walk_under_water_one_cm":69002,"minecraft:boat_one_cm":337590,"minecraft:interact_with_blast_furnace":4,"minecraft:total_world_time":612660,"minecraft:time_since_rest":15492,"minecraft:damage_absorbed":365,"minecraft:damage_taken":9129,"minecraft:swim_one_cm":103008,"minecraft:fly_one_cm":1710462,"minecraft:open_chest":147,"minecraft:fall_one_cm":276298},"minecraft:picked_up":{"minecraft:iron_chestplate":3,"minecraft:wheat":21,"minecraft:light_blue_concrete":3,"minecraft:suspicious_stew":1,"alexscaves:cave_tablet":4,"minecraft:oak_stairs":3,"minecraft:potion":8,"minecraft:crimson_planks":4,"minecraft:blue_concrete":3,"alexscaves:azure_neodymium_ingot":5,"minecraft:golden_sword":4,"minecraft:amethyst_block":8,"minecraft:string":31,"minecraft:dark_oak_trapdoor":1,"minecraft:soul_soil":92,"betternether:blue_obsidian":4,"minecraft:cooked_salmon":1,"minecraft:iron_leggings":3,"alexscaves:scrap_metal_plate":3,"minecraft:pufferfish":2,"minecraft:purple_banner":2,"minecraft:experience_bottle":12,"minecraft:diamond_leggings":1,"minecraft:gold_nugget":263,"minecraft:cobbled_deepslate":268,"alexscaves:azure_magnet":2,"minecraft:spruce_planks":126,"minecraft:redstone_torch":1,"minecraft:rose_bush":9,"minecraft:cobblestone_slab":3,"minecraft:calcite":12,"minecraft:iron_pickaxe":2,"minecraft:furnace":1,"minecraft:tipped_arrow":1,"minecraft:stick":198,"minecraft:composter":3,"minecraft:oak_fence":1,"minecraft:torch":3,"alexscaves:raw_azure_neodymium":78,"minecraft:spruce_stairs":6,"betterend:end_fish_raw":1,"minecraft:porkchop":22,"minecraft:diorite":28,"minecraft:golden_chestplate":3,"minecraft:cauldron":3,"minecraft:stone_sword":2,"minecraft:rotten_flesh":36,"minecraft:iron_block":5,"minecraft:obsidian":54,"minecraft:snowball":19,"minecraft:cobblestone":338,"minecraft:birch_log":85,"minecraft:magma_block":5,"minecraft:cooked_beef":8,"minecraft:andesite":11,"minecraft:potato":4,"minecraft:flint":8,"minecraft:tuff":24,"minecraft:stripped_spruce_wood":18,"betternether:bowl_upgrade_smithing_template":3,"ava:large_pistol_magazine":5,"minecraft:lapis_lazuli":11,"minecraft:dirt":379,"alexscaves:galena":346,"minecraft:leather_boots":2,"minecraft:bone":43,"minecraft:bow":1,"minecraft:wheat_seeds":6,"minecraft:raw_gold":9,"alexscaves:packed_galena":32,"minecraft:fletching_table":16,"minecraft:diamond_helmet":1,"minecraft:bamboo":6,"alexsmobs:blobfish":1,"minecraft:cyan_concrete":2,"minecraft:oak_planks":57,"alexscaves:galena_brick_wall":2,"minecraft:stripped_acacia_wood":5,"betternether:wall_moss":3,"minecraft:poisonous_potato":4,"minecraft:sand":21,"minecraft:jungle_planks":15,"alexscaves:metal_scaffolding":5,"minecraft:stripped_spruce_log":21,"minecraft:fermented_spider_eye":7,"minecraft:acacia_stairs":2,"minecraft:jungle_slab":10,"minecraft:barrel":33,"alexsmobs:animal_dictionary":1,"minecraft:light_gray_concrete":2,"minecraft:diamond":34,"minecraft:lever":3,"minecraft:granite":47,"minecraft:bone_meal":1,"minecraft:golden_apple":16,"ava:pistol_ammo":26,"minecraft:emerald":193,"minecraft:golden_horse_armor":6,"minecraft:bread":70,"alexsmobs:maggot":1,"minecraft:oak_sapling":4,"minecraft:netherrack":2654,"minecraft:chorus_fruit":22,"alexscaves:raw_scarlet_neodymium":129,"travelersbackpack:villager":11,"minecraft:charcoal":22,"minecraft:crafting_table":1,"minecraft:azure_bluet":1,"minecraft:splash_potion":4,"minecraft:nether_wart":36,"minecraft:leather_leggings":2,"minecraft:cooked_rabbit":2,"minecraft:shield":2,"minecraft:stone_stairs":3,"minecraft:flint_and_steel":5,"alexscaves:scarlet_neodymium_ingot":9,"minecraft:blue_orchid":18,"alexscaves:scrap_metal":10,"minecraft:beef":2,"minecraft:oak_boat":5,"minecraft:cyan_wool":3,"minecraft:iron_nugget":625,"minecraft:light_gray_wool":1,"minecraft:spruce_slab":3,"minecraft:lectern":4,"minecraft:chest":42,"minecraft:birch_sapling":12,"minecraft:phantom_membrane":3,"minecraft:raw_iron":56,"minecraft:stripped_mangrove_wood":5,"minecraft:spruce_fence":2,"minecraft:cake":2,"betternether:nether_ruby":39,"minecraft:carrot":81,"minecraft:redstone":34,"alexscaves:tripodfish":1,"minecraft:iron_horse_armor":3,"minecraft:purple_terracotta":1,"minecraft:dark_oak_planks":6,"minecraft:tnt":6,"minecraft:arrow":22,"minecraft:stone_shovel":2,"minecraft:pumpkin_pie":41,"minecraft:jungle_stairs":1,"alexscaves:spelunkery_table":1,"minecraft:stripped_dark_oak_wood":3,"minecraft:glistering_melon_slice":4,"minecraft:saddle":9,"minecraft:gold_ingot":179,"minecraft:skeleton_skull":1,"minecraft:white_wool":21,"minecraft:golden_carrot":91,"minecraft:tripwire_hook":1,"minecraft:salmon":3,"minecraft:leather":5,"minecraft:red_mushroom":3,"minecraft:filled_map":1,"minecraft:birch_planks":7,"minecraft:mushroom_stew":2,"minecraft:oak_log":15,"minecraft:golden_boots":2,"minecraft:yellow_bed":10,"minecraft:gunpowder":84,"minecraft:blue_bed":12,"minecraft:paper":49,"minecraft:cooked_mutton":3,"minecraft:apple":16,"minecraft:iron_ingot":410,"minecraft:stone_pickaxe":2,"minecraft:cobweb":14,"minecraft:iron_sword":4,"minecraft:soul_sand":4,"minecraft:book":171,"minecraft:smooth_basalt":6,"minecraft:dark_oak_slab":1,"minecraft:pumpkin":14,"minecraft:quartz":114,"minecraft:dandelion":11,"minecraft:gravel":4,"alexscaves:galena_pillar":9,"alexscaves:scarlet_magnet":2,"minecraft:amethyst_shard":7,"minecraft:spruce_sapling":164,"minecraft:blast_furnace":2,"minecraft:white_bed":10,"minecraft:spruce_log":828,"minecraft:spider_eye":3,"alexscaves:telecore":2,"ava:m18_purple":3,"ava:mosin_nagant_sports":1,"minecraft:slime_ball":17,"minecraft:stone_axe":2,"minecraft:rib_armor_trim_smithing_template":1,"minecraft:iron_helmet":8,"minecraft:diamond_axe":1,"minecraft:gray_wool":1,"alexscaves:azure_neodymium_pillar":4,"minecraft:acacia_slab":1,"minecraft:coal":141,"minecraft:ender_pearl":2},"minecraft:mined":{"minecraft:dark_oak_planks":6,"minecraft:blue_carpet":1,"minecraft:spruce_planks":139,"minecraft:white_bed":9,"minecraft:light_blue_concrete":4,"minecraft:jungle_slab":3,"alexscaves:azure_neodymium_pillar":21,"minecraft:obsidian":44,"minecraft:granite":51,"minecraft:budding_amethyst":2,"minecraft:grass_block":235,"minecraft:blue_concrete":3,"minecraft:soul_soil":202,"alexscaves:galena_pillar":8,"minecraft:composter":3,"betternether:cincinnasite_ore":3,"minecraft:spawner":12,"minecraft:magma_block":5,"betternether:jungle_grass":9,"minecraft:dark_oak_trapdoor":1,"minecraft:barrel":30,"minecraft:fire":11,"minecraft:fletching_table":16,"minecraft:stripped_dark_oak_wood":3,"alexscaves:scarlet_neodymium_node":6,"minecraft:dark_oak_stairs":1,"minecraft:dirt_path":1,"minecraft:oak_stairs":5,"minecraft:light_gray_concrete":1,"minecraft:stripped_mangrove_wood":6,"minecraft:spruce_slab":1,"minecraft:tripwire":7,"minecraft:deepslate_redstone_ore":1,"minecraft:soul_fire":3,"minecraft:torch":1,"minecraft:note_block":2,"minecraft:jungle_stairs":6,"minecraft:blast_furnace":2,"minecraft:calcite":19,"minecraft:chest":43,"minecraft:dead_bush":1,"minecraft:glass":1,"minecraft:nether_quartz_ore":24,"minecraft:cobblestone":21,"minecraft:oak_planks":13,"minecraft:bricks":2,"betternether:nether_ruby_ore":11,"minecraft:wall_torch":2,"minecraft:amethyst_block":9,"minecraft:cauldron":6,"minecraft:stone_stairs":3,"minecraft:cyan_wool":3,"minecraft:warped_nylium":5,"minecraft:dark_oak_slab":1,"minecraft:birch_log":85,"minecraft:light_gray_wool":7,"minecraft:grass":54,"minecraft:oak_log":16,"minecraft:acacia_fence":1,"minecraft:dirt":119,"minecraft:crimson_planks":4,"minecraft:smooth_basalt":6,"minecraft:tripwire_hook":1,"minecraft:netherrack":3258,"minecraft:oak_leaves":5,"minecraft:deepslate":315,"minecraft:nether_gold_ore":2,"alexscaves:spelunkery_table":1,"minecraft:tuff":24,"minecraft:lever":1,"alexscaves:galena_brick_wall":2,"minecraft:purple_terracotta":4,"minecraft:spruce_fence":2,"minecraft:jungle_planks":17,"minecraft:brick_stairs":2,"minecraft:spruce_leaves":31,"minecraft:acacia_slab":1,"alexscaves:galena":311,"minecraft:large_fern":1,"minecraft:redstone_ore":1,"minecraft:spruce_sapling":2,"minecraft:furnace":1,"minecraft:nether_sprouts":1,"alexscaves:energized_galena_azure":27,"minecraft:acacia_stairs":1,"minecraft:andesite":12,"minecraft:stripped_spruce_log":22,"betternether:wall_moss":3,"minecraft:bookshelf":54,"minecraft:deepslate_iron_ore":5,"minecraft:cyan_concrete":2,"minecraft:cobblestone_slab":3,"betternether:nether_lapis_ore":1,"minecraft:stone":328,"alexscaves:scrap_metal":19,"minecraft:oak_slab":2,"betternether:netherrack_moss":1,"minecraft:soul_sand":69,"alexscaves:azure_neodymium_node":5,"minecraft:dandelion":4,"minecraft:oak_fence":1,"minecraft:crafting_table":3,"alexscaves:metal_scaffolding":5,"minecraft:lectern":4,"minecraft:deepslate_gold_ore":1,"minecraft:diorite":29,"minecraft:blue_bed":12,"minecraft:spruce_stairs":5,"minecraft:birch_planks":8,"minecraft:gray_wool":1,"minecraft:brick_slab":1,"minecraft:stripped_spruce_wood":20,"alexscaves:galena_iron_ore":9,"minecraft:magenta_terracotta":3,"minecraft:ice":5,"minecraft:birch_leaves":1,"minecraft:spruce_log":751,"minecraft:yellow_bed":10,"betternether:wall_mushroom_red":1,"minecraft:mangrove_slab":1,"minecraft:coal_ore":4,"minecraft:gravel":6,"minecraft:dripstone_block":1,"alexscaves:scarlet_magnet":2,"alexscaves:packed_galena":35,"minecraft:terracotta":2,"minecraft:acacia_planks":2,"minecraft:stripped_acacia_wood":5,"travelersbackpack:villager":11,"alexscaves:scarlet_neodymium_pillar":38,"alexscaves:azure_magnet":3,"alexscaves:scrap_metal_plate":4},"minecraft:used":{"minecraft:spruce_slab":12,"minecraft:chest":15,"minecraft:shield":40,"alexscaves:galena":1,"minecraft:rotten_flesh":4,"minecraft:soul_sand":4,"minecraft:carrot":24,"minecraft:snowball":19,"minecraft:obsidian":63,"minecraft:stripped_spruce_log":12,"minecraft:glass":23,"minecraft:lantern":42,"minecraft:dark_oak_slab":1,"minecraft:bow":1,"minecraft:diorite":1,"minecraft:warped_fungus_on_a_stick":18,"minecraft:stone_pickaxe":59,"minecraft:composter":3,"minecraft:blue_bed":12,"minecraft:diamond_axe":863,"alexscaves:cave_book":3,"minecraft:blast_furnace":2,"minecraft:shears":8,"minecraft:lever":4,"minecraft:string":23,"minecraft:bread":158,"minecraft:lectern":8,"minecraft:gravel":3,"alexscaves:tripodfish":1,"minecraft:diamond_sword":116,"minecraft:oak_boat":5,"minecraft:bone_meal":68,"minecraft:stripped_acacia_wood":1,"minecraft:iron_bars":1,"minecraft:stone_sword":26,"minecraft:flint_and_steel":17,"minecraft:spruce_planks":367,"minecraft:cooked_salmon":1,"minecraft:netherrack":456,"minecraft:torch":7,"minecraft:dirt":239,"minecraft:anvil":1,"minecraft:spruce_fence":2,"alexsmobs:maggot":1,"minecraft:bookshelf":54,"minecraft:iron_axe":413,"alexscaves:spelunkery_table":1,"minecraft:light_gray_wool":1,"minecraft:tripwire_hook":3,"minecraft:golden_carrot":25,"minecraft:soul_soil":50,"alexscaves:azure_magnet":1,"minecraft:cooked_beef":2,"minecraft:cobbled_deepslate":5,"minecraft:enchanted_golden_apple":6,"alexsmobs:blobfish":1,"minecraft:calcite":2,"minecraft:water_bucket":66,"minecraft:birch_planks":240,"travelersbackpack:villager":35,"minecraft:cauldron":3,"minecraft:fletching_table":27,"minecraft:cobblestone_slab":9,"minecraft:crafting_table":3,"minecraft:white_bed":10,"toolleveling:tool_leveling_table":1,"minecraft:cake":1,"minecraft:diamond_pickaxe":4685,"minecraft:diamond_shovel":555,"minecraft:iron_pickaxe":8,"minecraft:spruce_trapdoor":2,"minecraft:spruce_sapling":61,"minecraft:stone_axe":148,"minecraft:cobblestone":75,"minecraft:bucket":84,"minecraft:yellow_bed":10,"minecraft:dandelion":1}},"DataVersion":3465}