{"stats":{"minecraft:killed":{"minecraft:zombie":2,"alexsmobs:fly":1,"minecraft:villager":1},"minecraft:broken":{"minecraft:stone_axe":1},"minecraft:picked_up":{"minecraft:crafting_table":1,"minecraft:tripwire_hook":1,"minecraft:stripped_spruce_wood":18,"minecraft:oak_log":9,"minecraft:shield":1,"minecraft:dirt":71,"minecraft:blue_bed":6,"minecraft:string":23,"minecraft:wheat_seeds":2,"minecraft:spruce_planks":15,"minecraft:iron_ingot":64,"minecraft:stone_pickaxe":2,"minecraft:fletching_table":8,"minecraft:light_gray_wool":1,"minecraft:oak_planks":36,"minecraft:furnace":1,"minecraft:stick":60,"minecraft:raw_iron":5,"minecraft:composter":1,"minecraft:torch":3,"minecraft:gravel":4,"minecraft:spruce_fence":2,"minecraft:stripped_spruce_log":21,"minecraft:spruce_sapling":105,"minecraft:blast_furnace":2,"minecraft:carrot":1,"minecraft:white_bed":2,"minecraft:spruce_log":363,"minecraft:cauldron":3,"alexsmobs:animal_dictionary":1,"minecraft:stone_sword":2,"minecraft:rotten_flesh":12,"minecraft:stone_shovel":2,"minecraft:stone_axe":2,"minecraft:lever":2,"minecraft:bone_meal":1,"minecraft:bread":4,"alexsmobs:maggot":1,"minecraft:coal":56,"minecraft:snowball":19,"minecraft:cobblestone":60},"minecraft:custom":{"minecraft:interact_with_furnace":15,"minecraft:mob_kills":7,"minecraft:traded_with_villager":129,"minecraft:interact_with_crafting_table":10,"minecraft:leave_game":10,"minecraft:time_since_death":166595,"minecraft:sleep_in_bed":10,"minecraft:time_since_rest":12204,"minecraft:sprint_one_cm":425571,"minecraft:damage_taken":3783,"minecraft:walk_one_cm":299487,"minecraft:damage_blocked_by_shield":1080,"minecraft:drop":16,"minecraft:damage_dealt":912,"minecraft:swim_one_cm":15413,"minecraft:talked_to_villager":88,"minecraft:fly_one_cm":589247,"minecraft:open_chest":55,"minecraft:play_time":187666,"minecraft:crouch_one_cm":10836,"minecraft:sneak_time":4848,"minecraft:deaths":1,"minecraft:walk_under_water_one_cm":8688,"minecraft:jump":3253,"minecraft:interact_with_blast_furnace":3,"minecraft:walk_on_water_one_cm":37938,"minecraft:total_world_time":187666,"minecraft:fall_one_cm":115387},"minecraft:mined":{"minecraft:white_bed":1,"minecraft:spruce_planks":15,"minecraft:crafting_table":1,"minecraft:torch":1,"minecraft:lever":1,"minecraft:blast_furnace":2,"minecraft:grass_block":18,"minecraft:spruce_fence":1,"minecraft:glass":1,"minecraft:cobblestone":21,"minecraft:spruce_leaves":29,"minecraft:composter":1,"minecraft:wall_torch":2,"minecraft:blue_bed":6,"minecraft:cauldron":3,"minecraft:large_fern":1,"minecraft:spruce_sapling":1,"minecraft:furnace":1,"minecraft:stripped_spruce_wood":20,"minecraft:fire":2,"minecraft:ice":5,"minecraft:spruce_log":286,"minecraft:stripped_spruce_log":22,"minecraft:light_gray_wool":7,"minecraft:fletching_table":8,"minecraft:grass":26,"minecraft:oak_log":9,"minecraft:coal_ore":2,"minecraft:gravel":4,"minecraft:dirt":22,"minecraft:tripwire_hook":1,"minecraft:stone":34,"minecraft:oak_leaves":5,"minecraft:tripwire":7},"minecraft:used":{"minecraft:water_bucket":27,"minecraft:stone_sword":26,"minecraft:iron_bars":1,"minecraft:warped_fungus_on_a_stick":14,"minecraft:flint_and_steel":3,"minecraft:spruce_slab":6,"minecraft:stone_pickaxe":59,"minecraft:spruce_planks":76,"minecraft:shield":22,"minecraft:composter":1,"minecraft:cauldron":3,"minecraft:blue_bed":2,"minecraft:fletching_table":8,"minecraft:rotten_flesh":4,"minecraft:torch":7,"minecraft:dirt":56,"minecraft:crafting_table":2,"minecraft:blast_furnace":2,"minecraft:carrot":2,"minecraft:white_bed":1,"minecraft:stripped_spruce_log":12,"minecraft:snowball":19,"minecraft:spruce_fence":2,"minecraft:shears":8,"alexsmobs:maggot":1,"minecraft:lever":3,"minecraft:iron_axe":272,"minecraft:bread":73,"minecraft:string":23,"minecraft:iron_pickaxe":8,"minecraft:spruce_trapdoor":2,"minecraft:spruce_sapling":8,"minecraft:gravel":2,"minecraft:tripwire_hook":3,"minecraft:light_gray_wool":1,"minecraft:stone_axe":148,"minecraft:cobblestone":62,"minecraft:bucket":40,"minecraft:cooked_beef":2,"minecraft:bone_meal":64},"minecraft:dropped":{"minecraft:gravel":1,"minecraft:bread":36,"minecraft:wheat_seeds":2,"minecraft:rotten_flesh":11,"minecraft:shears":1,"minecraft:bone_meal":1,"minecraft:iron_ore":64,"minecraft:arrow":2,"minecraft:bucket":1,"minecraft:spruce_sapling":8},"minecraft:crafted":{"minecraft:cooked_beef":2,"minecraft:oak_planks":36,"minecraft:chainmail_helmet":9,"minecraft:emerald":83,"minecraft:cauldron":1,"minecraft:tripwire_hook":2,"minecraft:crafting_table":1,"minecraft:spruce_planks":1076,"minecraft:iron_helmet":9,"minecraft:bucket":6,"minecraft:bone_meal":192,"minecraft:lever":1,"minecraft:bread":126,"minecraft:air":0,"minecraft:spruce_trapdoor":2,"minecraft:diamond_helmet":1,"minecraft:diamond_leggings":1,"minecraft:charcoal":27,"minecraft:spruce_slab":6,"minecraft:stick":2192,"minecraft:diamond_boots":2,"minecraft:iron_leggings":2,"minecraft:torch":4,"minecraft:shears":1,"minecraft:diamond_chestplate":1}},"DataVersion":3465}