{"stats":{"minecraft:dropped":{"minecraft:enchanted_book":11,"minecraft:iron_ingot":3,"minecraft:bread":250,"minecraft:wheat_seeds":2,"minecraft:coal":2,"minecraft:dirt":1,"minecraft:dark_oak_trapdoor":1,"minecraft:bone_meal":1,"minecraft:iron_axe":1,"minecraft:paper":16,"minecraft:bucket":1,"minecraft:spruce_sapling":10,"minecraft:dandelion":4,"minecraft:gravel":1,"minecraft:obsidian":1,"minecraft:rotten_flesh":17,"minecraft:shears":1,"minecraft:diamond_sword":2,"minecraft:shield":1,"minecraft:spruce_planks":2,"minecraft:diamond_pickaxe":2,"minecraft:bamboo":6,"minecraft:diamond_boots":1,"minecraft:iron_ore":64,"minecraft:arrow":2,"minecraft:glass":24},"minecraft:broken":{"minecraft:shield":1,"minecraft:stone_axe":1},"minecraft:killed":{"alexsmobs:bone_serpent":1,"minecraft:skeleton":9,"betternether:naga":3,"minecraft:husk":8,"minecraft:iron_golem":1,"minecraft:hoglin":9,"minecraft:zombie":7,"alexsmobs:fly":1,"minecraft:wither_skeleton":3,"minecraft:villager":3},"minecraft:crafted":{"minecraft:oak_planks":36,"minecraft:chainmail_helmet":9,"minecraft:cobblestone_slab":6,"minecraft:tripwire_hook":2,"minecraft:lever":1,"minecraft:bone_meal":324,"minecraft:bookshelf":54,"travelersbackpack:villager":4,"minecraft:glass":72,"minecraft:lantern":54,"minecraft:diamond_helmet":1,"minecraft:diamond_leggings":1,"minecraft:spruce_slab":12,"minecraft:chest":1,"minecraft:diamond_boots":2,"minecraft:cooked_beef":2,"minecraft:emerald":191,"minecraft:cauldron":1,"minecraft:crafting_table":1,"minecraft:spruce_planks":1748,"minecraft:iron_helmet":9,"minecraft:clock":4,"minecraft:birch_planks":256,"minecraft:bucket":6,"minecraft:enchanted_book":211,"minecraft:bread":408,"minecraft:air":0,"minecraft:spruce_trapdoor":2,"minecraft:charcoal":27,"minecraft:stick":2704,"minecraft:iron_leggings":2,"minecraft:torch":4,"minecraft:shears":1,"minecraft:diamond_chestplate":1},"minecraft:custom":{"minecraft:interact_with_anvil":8,"minecraft:mob_kills":48,"minecraft:interact_with_crafting_table":17,"minecraft:open_barrel":1,"minecraft:eat_cake_slice":6,"minecraft:leave_game":35,"minecraft:time_since_death":430437,"minecraft:damage_resisted":420,"minecraft:climb_one_cm":7125,"minecraft:sprint_one_cm":1070572,"minecraft:walk_one_cm":724122,"minecraft:damage_blocked_by_shield":2730,"minecraft:drop":64,"minecraft:play_noteblock":2,"minecraft:talked_to_villager":521,"minecraft:play_time":451508,"minecraft:sneak_time":16138,"minecraft:deaths":1,"minecraft:walk_under_water_one_cm":43885,"minecraft:jump":6546,"minecraft:interact_with_blast_furnace":4,"minecraft:walk_on_water_one_cm":72733,"minecraft:total_world_time":451508,"minecraft:interact_with_furnace":15,"minecraft:traded_with_villager":629,"minecraft:interact_with_loom":4,"minecraft:sleep_in_bed":25,"minecraft:time_since_rest":10976,"minecraft:damage_taken":6793,"minecraft:damage_absorbed":315,"minecraft:damage_dealt":12891,"minecraft:swim_one_cm":28916,"minecraft:fly_one_cm":1295348,"minecraft:open_chest":108,"minecraft:crouch_one_cm":39952,"minecraft:fall_one_cm":191051,"minecraft:horse_one_cm":305709},"minecraft:picked_up":{"travelersbackpack:villager":1,"minecraft:crafting_table":1,"minecraft:azure_bluet":1,"minecraft:splash_potion":1,"alexscaves:cave_tablet":4,"minecraft:potion":4,"minecraft:golden_sword":1,"minecraft:shield":2,"minecraft:string":23,"minecraft:dark_oak_trapdoor":1,"minecraft:cobbled_deepslate":13,"minecraft:spruce_planks":70,"minecraft:cobblestone_slab":3,"minecraft:calcite":2,"minecraft:light_gray_wool":1,"minecraft:lectern":4,"minecraft:chest":4,"minecraft:birch_sapling":12,"minecraft:furnace":1,"minecraft:stick":188,"minecraft:raw_iron":5,"minecraft:stripped_mangrove_wood":5,"minecraft:composter":3,"minecraft:spruce_stairs":1,"minecraft:torch":3,"minecraft:spruce_fence":2,"minecraft:porkchop":20,"minecraft:cake":2,"minecraft:diorite":12,"minecraft:carrot":54,"minecraft:cauldron":3,"minecraft:dark_oak_planks":5,"minecraft:stone_sword":2,"minecraft:arrow":14,"minecraft:rotten_flesh":19,"minecraft:stone_shovel":2,"minecraft:pumpkin_pie":13,"alexscaves:spelunkery_table":1,"minecraft:stripped_dark_oak_wood":3,"minecraft:saddle":1,"minecraft:glistering_melon_slice":4,"minecraft:gold_ingot":24,"minecraft:obsidian":42,"minecraft:snowball":19,"minecraft:cobblestone":163,"minecraft:birch_log":85,"minecraft:magma_block":5,"minecraft:tripwire_hook":1,"minecraft:leather":4,"minecraft:birch_planks":2,"minecraft:mushroom_stew":2,"minecraft:stripped_spruce_wood":18,"minecraft:oak_log":9,"minecraft:yellow_bed":10,"minecraft:golden_boots":1,"minecraft:paper":30,"minecraft:dirt":365,"minecraft:blue_bed":12,"minecraft:leather_boots":1,"minecraft:bone":26,"minecraft:apple":13,"minecraft:wheat_seeds":6,"minecraft:iron_ingot":102,"minecraft:stone_pickaxe":2,"minecraft:fletching_table":16,"minecraft:bamboo":6,"minecraft:oak_planks":37,"minecraft:book":171,"minecraft:dark_oak_slab":1,"minecraft:quartz":84,"minecraft:dandelion":11,"minecraft:stripped_acacia_wood":3,"minecraft:gravel":4,"minecraft:amethyst_shard":7,"minecraft:stripped_spruce_log":21,"minecraft:spruce_sapling":164,"minecraft:blast_furnace":2,"minecraft:white_bed":10,"minecraft:spruce_log":828,"minecraft:acacia_stairs":1,"minecraft:barrel":11,"alexsmobs:animal_dictionary":1,"minecraft:diamond":3,"minecraft:stone_axe":2,"minecraft:lever":2,"minecraft:golden_horse_armor":1,"minecraft:granite":18,"minecraft:golden_apple":7,"minecraft:bone_meal":1,"minecraft:gray_wool":1,"minecraft:emerald":174,"minecraft:bread":48,"alexsmobs:maggot":1,"minecraft:netherrack":907,"minecraft:coal":72},"minecraft:mined":{"minecraft:dark_oak_planks":5,"alexscaves:spelunkery_table":1,"minecraft:spruce_planks":75,"minecraft:white_bed":9,"minecraft:obsidian":42,"minecraft:lever":1,"minecraft:granite":18,"minecraft:grass_block":230,"minecraft:spruce_fence":1,"minecraft:spruce_leaves":31,"minecraft:composter":3,"minecraft:spawner":6,"minecraft:large_fern":1,"minecraft:magma_block":5,"minecraft:spruce_sapling":2,"minecraft:furnace":1,"minecraft:dark_oak_trapdoor":1,"minecraft:nether_sprouts":1,"minecraft:fire":10,"minecraft:barrel":11,"minecraft:acacia_stairs":1,"minecraft:stripped_spruce_log":22,"minecraft:fletching_table":16,"minecraft:stripped_dark_oak_wood":3,"minecraft:bookshelf":54,"minecraft:dirt_path":1,"minecraft:cobblestone_slab":3,"minecraft:stripped_mangrove_wood":6,"minecraft:stone":137,"minecraft:tripwire":7,"minecraft:dandelion":4,"minecraft:crafting_table":1,"minecraft:torch":1,"minecraft:note_block":2,"minecraft:blast_furnace":2,"minecraft:calcite":9,"minecraft:chest":4,"minecraft:lectern":4,"minecraft:nether_quartz_ore":23,"minecraft:glass":1,"minecraft:cobblestone":21,"minecraft:oak_planks":1,"minecraft:diorite":12,"minecraft:blue_bed":12,"minecraft:wall_torch":2,"minecraft:cauldron":3,"minecraft:birch_planks":3,"minecraft:gray_wool":1,"minecraft:warped_nylium":5,"minecraft:dark_oak_slab":1,"minecraft:stripped_spruce_wood":20,"minecraft:birch_log":85,"minecraft:ice":5,"minecraft:spruce_log":751,"minecraft:light_gray_wool":7,"minecraft:yellow_bed":10,"minecraft:grass":54,"minecraft:mangrove_slab":1,"minecraft:oak_log":9,"minecraft:coal_ore":2,"minecraft:gravel":4,"minecraft:dirt":110,"minecraft:tripwire_hook":1,"minecraft:stripped_acacia_wood":1,"minecraft:netherrack":968,"travelersbackpack:villager":1,"minecraft:oak_leaves":5,"minecraft:deepslate":13},"minecraft:used":{"minecraft:iron_bars":1,"minecraft:stone_sword":26,"minecraft:flint_and_steel":14,"minecraft:spruce_slab":12,"minecraft:chest":5,"minecraft:spruce_planks":363,"minecraft:shield":40,"minecraft:rotten_flesh":4,"minecraft:netherrack":450,"minecraft:torch":7,"minecraft:dirt":239,"minecraft:anvil":1,"minecraft:carrot":2,"minecraft:spruce_fence":2,"minecraft:snowball":19,"minecraft:stripped_spruce_log":12,"minecraft:obsidian":41,"minecraft:glass":23,"alexsmobs:maggot":1,"minecraft:bookshelf":54,"minecraft:lantern":42,"minecraft:iron_axe":413,"minecraft:dark_oak_slab":1,"minecraft:tripwire_hook":3,"alexscaves:spelunkery_table":1,"minecraft:light_gray_wool":1,"minecraft:cooked_beef":2,"minecraft:enchanted_golden_apple":3,"minecraft:calcite":2,"minecraft:water_bucket":65,"minecraft:diorite":1,"minecraft:warped_fungus_on_a_stick":14,"minecraft:birch_planks":152,"travelersbackpack:villager":6,"minecraft:stone_pickaxe":59,"minecraft:cauldron":3,"minecraft:blue_bed":12,"minecraft:composter":3,"minecraft:diamond_axe":647,"minecraft:fletching_table":27,"minecraft:cobblestone_slab":9,"minecraft:crafting_table":2,"minecraft:blast_furnace":2,"minecraft:white_bed":10,"toolleveling:tool_leveling_table":1,"minecraft:cake":1,"minecraft:shears":8,"minecraft:lever":3,"minecraft:diamond_pickaxe":1210,"minecraft:diamond_shovel":278,"minecraft:bread":151,"minecraft:iron_pickaxe":8,"minecraft:string":23,"minecraft:lectern":8,"minecraft:spruce_trapdoor":2,"minecraft:gravel":3,"minecraft:spruce_sapling":61,"minecraft:stone_axe":148,"minecraft:diamond_sword":50,"minecraft:cobblestone":75,"minecraft:bucket":79,"minecraft:yellow_bed":10,"minecraft:dandelion":1,"minecraft:bone_meal":68}},"DataVersion":3465}