{"stats":{"minecraft:dropped":{"minecraft:enchanted_book":3,"minecraft:iron_ingot":3,"minecraft:bread":250,"minecraft:wheat_seeds":2,"minecraft:coal":2,"minecraft:dirt":1,"minecraft:dark_oak_trapdoor":1,"minecraft:bone_meal":1,"minecraft:iron_axe":1,"minecraft:paper":16,"minecraft:bucket":1,"minecraft:spruce_sapling":10,"minecraft:dandelion":4,"minecraft:gravel":1,"minecraft:obsidian":1,"minecraft:rotten_flesh":17,"minecraft:shears":1,"minecraft:diamond_sword":1,"minecraft:shield":1,"minecraft:spruce_planks":2,"minecraft:diamond_pickaxe":2,"minecraft:bamboo":6,"minecraft:diamond_boots":1,"minecraft:iron_ore":64,"minecraft:arrow":2},"minecraft:broken":{"minecraft:stone_axe":1},"minecraft:killed":{"alexsmobs:bone_serpent":1,"minecraft:skeleton":7,"betternether:naga":3,"minecraft:husk":8,"minecraft:iron_golem":1,"minecraft:zombie":7,"alexsmobs:fly":1,"minecraft:villager":3},"minecraft:crafted":{"minecraft:oak_planks":36,"minecraft:chainmail_helmet":9,"minecraft:cobblestone_slab":6,"minecraft:tripwire_hook":2,"minecraft:lever":1,"minecraft:bone_meal":324,"minecraft:bookshelf":54,"travelersbackpack:villager":3,"minecraft:glass":48,"minecraft:lantern":54,"minecraft:diamond_helmet":1,"minecraft:diamond_leggings":1,"minecraft:spruce_slab":12,"minecraft:chest":1,"minecraft:diamond_boots":2,"minecraft:cooked_beef":2,"minecraft:emerald":191,"minecraft:cauldron":1,"minecraft:crafting_table":1,"minecraft:spruce_planks":1748,"minecraft:iron_helmet":9,"minecraft:clock":4,"minecraft:bucket":6,"minecraft:enchanted_book":91,"minecraft:bread":408,"minecraft:air":0,"minecraft:spruce_trapdoor":2,"minecraft:charcoal":27,"minecraft:stick":2704,"minecraft:iron_leggings":2,"minecraft:torch":4,"minecraft:shears":1,"minecraft:diamond_chestplate":1},"minecraft:custom":{"minecraft:interact_with_anvil":6,"minecraft:mob_kills":34,"minecraft:interact_with_crafting_table":16,"minecraft:open_barrel":1,"minecraft:eat_cake_slice":6,"minecraft:leave_game":33,"minecraft:time_since_death":383057,"minecraft:climb_one_cm":7125,"minecraft:sprint_one_cm":1003261,"minecraft:walk_one_cm":667225,"minecraft:damage_blocked_by_shield":2610,"minecraft:drop":52,"minecraft:play_noteblock":2,"minecraft:talked_to_villager":446,"minecraft:play_time":404128,"minecraft:sneak_time":15730,"minecraft:deaths":1,"minecraft:walk_under_water_one_cm":39533,"minecraft:jump":5950,"minecraft:interact_with_blast_furnace":4,"minecraft:walk_on_water_one_cm":64002,"minecraft:total_world_time":404128,"minecraft:interact_with_furnace":15,"minecraft:traded_with_villager":502,"minecraft:interact_with_loom":2,"minecraft:sleep_in_bed":22,"minecraft:time_since_rest":2784,"minecraft:damage_taken":6706,"minecraft:damage_dealt":7874,"minecraft:swim_one_cm":26540,"minecraft:fly_one_cm":1188090,"minecraft:open_chest":97,"minecraft:crouch_one_cm":39075,"minecraft:fall_one_cm":179886},"minecraft:picked_up":{"minecraft:crafting_table":1,"minecraft:azure_bluet":1,"alexscaves:cave_tablet":4,"minecraft:potion":4,"minecraft:shield":2,"minecraft:string":23,"minecraft:dark_oak_trapdoor":1,"minecraft:cobbled_deepslate":13,"minecraft:spruce_planks":61,"minecraft:cobblestone_slab":3,"minecraft:calcite":2,"minecraft:light_gray_wool":1,"minecraft:lectern":4,"minecraft:chest":4,"minecraft:furnace":1,"minecraft:stick":173,"minecraft:raw_iron":5,"minecraft:stripped_mangrove_wood":5,"minecraft:composter":3,"minecraft:torch":3,"minecraft:spruce_fence":2,"minecraft:cake":2,"minecraft:diorite":12,"minecraft:carrot":27,"minecraft:cauldron":3,"minecraft:dark_oak_planks":5,"minecraft:stone_sword":2,"minecraft:arrow":12,"minecraft:rotten_flesh":19,"minecraft:stone_shovel":2,"minecraft:pumpkin_pie":13,"alexscaves:spelunkery_table":1,"minecraft:stripped_dark_oak_wood":3,"minecraft:glistering_melon_slice":4,"minecraft:gold_ingot":17,"minecraft:obsidian":42,"minecraft:snowball":19,"minecraft:cobblestone":163,"minecraft:magma_block":5,"minecraft:tripwire_hook":1,"minecraft:mushroom_stew":2,"minecraft:stripped_spruce_wood":18,"minecraft:oak_log":9,"minecraft:yellow_bed":10,"minecraft:golden_boots":1,"minecraft:paper":30,"minecraft:dirt":363,"minecraft:blue_bed":12,"minecraft:leather_boots":1,"minecraft:bone":18,"minecraft:apple":13,"minecraft:wheat_seeds":6,"minecraft:iron_ingot":91,"minecraft:stone_pickaxe":2,"minecraft:fletching_table":16,"minecraft:bamboo":6,"minecraft:oak_planks":37,"minecraft:book":132,"minecraft:dark_oak_slab":1,"minecraft:quartz":84,"minecraft:dandelion":11,"minecraft:gravel":4,"minecraft:amethyst_shard":7,"minecraft:stripped_spruce_log":21,"minecraft:spruce_sapling":164,"minecraft:blast_furnace":2,"minecraft:white_bed":10,"minecraft:spruce_log":828,"minecraft:barrel":8,"alexsmobs:animal_dictionary":1,"minecraft:stone_axe":2,"minecraft:lever":2,"minecraft:granite":18,"minecraft:bone_meal":1,"minecraft:gray_wool":1,"minecraft:emerald":174,"minecraft:bread":48,"alexsmobs:maggot":1,"minecraft:netherrack":907,"minecraft:coal":70},"minecraft:mined":{"minecraft:dark_oak_planks":5,"alexscaves:spelunkery_table":1,"minecraft:spruce_planks":65,"minecraft:white_bed":9,"minecraft:obsidian":42,"minecraft:lever":1,"minecraft:granite":18,"minecraft:grass_block":227,"minecraft:spruce_fence":1,"minecraft:spruce_leaves":31,"minecraft:composter":3,"minecraft:spawner":3,"minecraft:large_fern":1,"minecraft:magma_block":5,"minecraft:spruce_sapling":2,"minecraft:furnace":1,"minecraft:dark_oak_trapdoor":1,"minecraft:nether_sprouts":1,"minecraft:fire":8,"minecraft:barrel":8,"minecraft:stripped_spruce_log":22,"minecraft:fletching_table":16,"minecraft:stripped_dark_oak_wood":3,"minecraft:bookshelf":41,"minecraft:dirt_path":1,"minecraft:cobblestone_slab":3,"minecraft:stripped_mangrove_wood":6,"minecraft:stone":137,"minecraft:tripwire":7,"minecraft:dandelion":4,"minecraft:crafting_table":1,"minecraft:torch":1,"minecraft:note_block":2,"minecraft:blast_furnace":2,"minecraft:calcite":9,"minecraft:chest":4,"minecraft:lectern":4,"minecraft:nether_quartz_ore":23,"minecraft:glass":1,"minecraft:cobblestone":21,"minecraft:oak_planks":1,"minecraft:diorite":12,"minecraft:wall_torch":2,"minecraft:blue_bed":12,"minecraft:cauldron":3,"minecraft:gray_wool":1,"minecraft:warped_nylium":5,"minecraft:dark_oak_slab":1,"minecraft:stripped_spruce_wood":20,"minecraft:ice":5,"minecraft:spruce_log":751,"minecraft:light_gray_wool":7,"minecraft:yellow_bed":10,"minecraft:grass":52,"minecraft:mangrove_slab":1,"minecraft:oak_log":9,"minecraft:coal_ore":2,"minecraft:gravel":4,"minecraft:dirt":110,"minecraft:tripwire_hook":1,"minecraft:netherrack":968,"minecraft:oak_leaves":5,"minecraft:deepslate":13},"minecraft:used":{"minecraft:iron_bars":1,"minecraft:stone_sword":26,"minecraft:flint_and_steel":13,"minecraft:spruce_slab":12,"minecraft:chest":5,"minecraft:spruce_planks":363,"minecraft:shield":38,"minecraft:rotten_flesh":4,"minecraft:netherrack":450,"minecraft:torch":7,"minecraft:dirt":239,"minecraft:anvil":1,"minecraft:carrot":2,"minecraft:spruce_fence":2,"minecraft:snowball":19,"minecraft:stripped_spruce_log":12,"minecraft:obsidian":41,"minecraft:glass":23,"alexsmobs:maggot":1,"minecraft:bookshelf":41,"minecraft:lantern":42,"minecraft:iron_axe":413,"minecraft:dark_oak_slab":1,"minecraft:tripwire_hook":3,"alexscaves:spelunkery_table":1,"minecraft:light_gray_wool":1,"minecraft:cooked_beef":2,"minecraft:calcite":2,"minecraft:water_bucket":65,"minecraft:diorite":1,"minecraft:warped_fungus_on_a_stick":14,"travelersbackpack:villager":1,"minecraft:stone_pickaxe":59,"minecraft:cauldron":3,"minecraft:blue_bed":12,"minecraft:composter":3,"minecraft:diamond_axe":479,"minecraft:fletching_table":27,"minecraft:cobblestone_slab":9,"minecraft:crafting_table":2,"minecraft:blast_furnace":2,"minecraft:white_bed":10,"toolleveling:tool_leveling_table":1,"minecraft:cake":1,"minecraft:shears":8,"minecraft:lever":3,"minecraft:diamond_pickaxe":1206,"minecraft:diamond_shovel":278,"minecraft:bread":148,"minecraft:iron_pickaxe":8,"minecraft:string":23,"minecraft:lectern":8,"minecraft:spruce_trapdoor":2,"minecraft:gravel":3,"minecraft:spruce_sapling":61,"minecraft:stone_axe":148,"minecraft:diamond_sword":44,"minecraft:cobblestone":75,"minecraft:bucket":79,"minecraft:yellow_bed":10,"minecraft:dandelion":1,"minecraft:bone_meal":68}},"DataVersion":3465}