{"stats":{"minecraft:dropped":{"minecraft:iron_sword":4,"minecraft:birch_planks":1,"minecraft:porkchop":2,"minecraft:diamond_axe":1,"minecraft:oak_log":1,"minecraft:chorus_fruit":9,"minecraft:leather":5,"minecraft:jungle_planks":15,"minecraft:iron_horse_armor":3,"minecraft:saddle":9,"minecraft:red_mushroom":3,"minecraft:emerald":19,"minecraft:dirt":5,"minecraft:dark_oak_trapdoor":1,"minecraft:gold_nugget":155,"minecraft:pumpkin_pie":6,"minecraft:bone_meal":1,"minecraft:phantom_membrane":3,"minecraft:sand":18,"minecraft:iron_pickaxe":1,"minecraft:dark_oak_planks":1,"minecraft:white_wool":21,"minecraft:gold_ingot":9,"minecraft:bone":8,"minecraft:gravel":1,"minecraft:iron_nugget":166,"minecraft:golden_chestplate":3,"minecraft:birch_sapling":12,"minecraft:wheat":21,"minecraft:obsidian":1,"minecraft:rotten_flesh":19,"minecraft:oak_planks":31,"minecraft:stone_stairs":3,"minecraft:acacia_stairs":2,"minecraft:salmon":3,"minecraft:tipped_arrow":1,"minecraft:skeleton_skull":1,"minecraft:jungle_stairs":1,"minecraft:acacia_slab":1,"minecraft:leather_boots":1,"minecraft:chest":5,"minecraft:leather_leggings":1,"minecraft:spruce_slab":3,"minecraft:iron_ore":64,"minecraft:arrow":9,"minecraft:cyan_concrete":2,"minecraft:glass":24,"minecraft:beef":2,"minecraft:quartz":29,"minecraft:crimson_planks":4,"minecraft:enchanted_book":11,"minecraft:golden_boots":1,"minecraft:iron_ingot":5,"minecraft:bread":321,"minecraft:purple_terracotta":1,"minecraft:wheat_seeds":2,"minecraft:golden_horse_armor":5,"minecraft:poisonous_potato":4,"minecraft:oak_fence":1,"minecraft:iron_helmet":7,"minecraft:cobblestone":12,"minecraft:apple":3,"minecraft:spruce_stairs":6,"minecraft:coal":26,"minecraft:stick":25,"minecraft:pufferfish":2,"minecraft:cobweb":14,"minecraft:jungle_slab":10,"minecraft:rose_bush":9,"minecraft:iron_leggings":3,"minecraft:oak_stairs":3,"minecraft:pumpkin":14,"minecraft:iron_axe":1,"minecraft:paper":35,"minecraft:string":6,"minecraft:bucket":1,"minecraft:spruce_sapling":10,"minecraft:redstone":10,"minecraft:dandelion":4,"minecraft:iron_boots":1,"minecraft:light_gray_concrete":2,"minecraft:stripped_acacia_wood":4,"minecraft:light_blue_concrete":3,"minecraft:shears":1,"minecraft:suspicious_stew":1,"minecraft:flint_and_steel":4,"minecraft:diamond_sword":2,"minecraft:potato":4,"minecraft:cyan_wool":3,"minecraft:shield":1,"minecraft:spruce_planks":63,"minecraft:iron_chestplate":3,"minecraft:diamond_pickaxe":2,"minecraft:oak_sapling":4,"minecraft:golden_sword":4,"minecraft:bamboo":6,"minecraft:diamond_boots":1,"minecraft:slime_ball":17,"minecraft:blue_orchid":10},"minecraft:broken":{"minecraft:stone_axe":1,"minecraft:shield":1},"minecraft:killed":{"minecraft:skeleton":13,"ava:blue_robot":10,"minecraft:iron_golem":1,"minecraft:pillager":12,"minecraft:zombie":8,"alexsmobs:fly":1,"alexsmobs:bone_serpent":1,"minecraft:vindicator":4,"minecraft:phantom":3,"betternether:naga":3,"minecraft:husk":13,"minecraft:hoglin":12,"minecraft:wither_skeleton":8,"minecraft:villager":3,"minecraft:enderman":1},"minecraft:crafted":{"minecraft:oak_planks":56,"minecraft:chainmail_helmet":9,"minecraft:cobblestone_slab":6,"minecraft:lever":1,"minecraft:bookshelf":54,"minecraft:glass":72,"minecraft:diamond_helmet":1,"minecraft:diamond_leggings":1,"minecraft:chest":1,"minecraft:emerald":191,"minecraft:cauldron":1,"minecraft:crafting_table":2,"minecraft:spruce_planks":1748,"minecraft:iron_helmet":9,"minecraft:clock":4,"minecraft:birch_planks":340,"minecraft:spruce_trapdoor":2,"minecraft:charcoal":27,"minecraft:stick":2704,"minecraft:shears":1,"minecraft:tripwire_hook":2,"minecraft:bone_meal":324,"travelersbackpack:villager":4,"minecraft:lantern":54,"minecraft:spruce_slab":12,"minecraft:diamond_boots":2,"minecraft:cooked_beef":2,"minecraft:bucket":6,"minecraft:enchanted_book":211,"minecraft:bread":408,"minecraft:air":0,"minecraft:oak_boat":1,"minecraft:iron_leggings":2,"minecraft:torch":4,"minecraft:diamond_chestplate":1},"minecraft:custom":{"minecraft:interact_with_crafting_table":18,"minecraft:open_barrel":3,"minecraft:eat_cake_slice":6,"minecraft:leave_game":48,"minecraft:time_since_death":504933,"minecraft:damage_resisted":524,"minecraft:sprint_one_cm":1229898,"minecraft:damage_blocked_by_shield":2730,"minecraft:drop":234,"minecraft:play_noteblock":2,"minecraft:talked_to_villager":521,"minecraft:play_time":526004,"minecraft:deaths":1,"minecraft:jump":7456,"minecraft:walk_on_water_one_cm":81543,"minecraft:interact_with_furnace":15,"minecraft:traded_with_villager":629,"minecraft:interact_with_loom":4,"minecraft:sleep_in_bed":27,"minecraft:damage_dealt":22693,"minecraft:crouch_one_cm":40706,"minecraft:horse_one_cm":419901,"minecraft:interact_with_anvil":8,"minecraft:mob_kills":96,"minecraft:climb_one_cm":16508,"minecraft:walk_one_cm":817432,"minecraft:sneak_time":16618,"minecraft:walk_under_water_one_cm":58179,"minecraft:boat_one_cm":337590,"minecraft:interact_with_blast_furnace":4,"minecraft:total_world_time":526004,"minecraft:time_since_rest":38497,"minecraft:damage_absorbed":365,"minecraft:damage_taken":7541,"minecraft:swim_one_cm":102004,"minecraft:fly_one_cm":1459996,"minecraft:open_chest":111,"minecraft:fall_one_cm":227386},"minecraft:picked_up":{"minecraft:iron_chestplate":3,"minecraft:wheat":21,"minecraft:light_blue_concrete":3,"minecraft:suspicious_stew":1,"alexscaves:cave_tablet":4,"minecraft:oak_stairs":3,"minecraft:potion":8,"minecraft:crimson_planks":4,"minecraft:golden_sword":4,"minecraft:string":29,"minecraft:dark_oak_trapdoor":1,"betternether:blue_obsidian":4,"minecraft:cooked_salmon":1,"minecraft:iron_leggings":3,"minecraft:pufferfish":2,"minecraft:purple_banner":2,"minecraft:experience_bottle":12,"minecraft:diamond_leggings":1,"minecraft:gold_nugget":155,"minecraft:cobbled_deepslate":13,"minecraft:spruce_planks":126,"minecraft:rose_bush":9,"minecraft:cobblestone_slab":3,"minecraft:calcite":2,"minecraft:iron_pickaxe":1,"minecraft:furnace":1,"minecraft:tipped_arrow":1,"minecraft:stick":198,"minecraft:composter":3,"minecraft:oak_fence":1,"minecraft:torch":3,"minecraft:spruce_stairs":6,"minecraft:porkchop":22,"betterend:end_fish_raw":1,"minecraft:diorite":12,"minecraft:golden_chestplate":3,"minecraft:cauldron":3,"minecraft:stone_sword":2,"minecraft:rotten_flesh":32,"minecraft:iron_block":5,"minecraft:obsidian":52,"minecraft:snowball":19,"minecraft:cobblestone":175,"minecraft:birch_log":85,"minecraft:magma_block":5,"minecraft:cooked_beef":8,"minecraft:potato":4,"minecraft:flint":6,"minecraft:stripped_spruce_wood":18,"betternether:bowl_upgrade_smithing_template":3,"ava:large_pistol_magazine":5,"minecraft:lapis_lazuli":11,"minecraft:dirt":365,"minecraft:leather_boots":2,"minecraft:bone":37,"minecraft:wheat_seeds":6,"minecraft:diamond_helmet":1,"minecraft:fletching_table":16,"minecraft:bamboo":6,"minecraft:cyan_concrete":2,"alexsmobs:blobfish":1,"minecraft:oak_planks":57,"minecraft:stripped_acacia_wood":5,"minecraft:poisonous_potato":4,"minecraft:sand":21,"minecraft:jungle_planks":15,"minecraft:stripped_spruce_log":21,"minecraft:fermented_spider_eye":4,"minecraft:acacia_stairs":2,"minecraft:jungle_slab":10,"minecraft:barrel":33,"alexsmobs:animal_dictionary":1,"minecraft:light_gray_concrete":2,"minecraft:diamond":34,"minecraft:lever":2,"minecraft:granite":18,"minecraft:bone_meal":1,"minecraft:golden_apple":16,"ava:pistol_ammo":26,"minecraft:emerald":193,"minecraft:golden_horse_armor":6,"minecraft:bread":70,"alexsmobs:maggot":1,"minecraft:oak_sapling":4,"minecraft:netherrack":907,"minecraft:chorus_fruit":22,"travelersbackpack:villager":7,"minecraft:charcoal":22,"minecraft:crafting_table":1,"minecraft:azure_bluet":1,"minecraft:splash_potion":4,"minecraft:nether_wart":36,"minecraft:leather_leggings":2,"minecraft:cooked_rabbit":2,"minecraft:shield":2,"minecraft:stone_stairs":3,"minecraft:flint_and_steel":5,"minecraft:blue_orchid":10,"minecraft:beef":2,"minecraft:oak_boat":5,"minecraft:cyan_wool":3,"minecraft:iron_nugget":277,"minecraft:light_gray_wool":1,"minecraft:spruce_slab":3,"minecraft:lectern":4,"minecraft:chest":41,"minecraft:birch_sapling":12,"minecraft:phantom_membrane":3,"minecraft:raw_iron":5,"minecraft:stripped_mangrove_wood":5,"minecraft:spruce_fence":2,"minecraft:cake":2,"minecraft:carrot":81,"minecraft:redstone":10,"alexscaves:tripodfish":1,"minecraft:iron_horse_armor":3,"minecraft:purple_terracotta":1,"minecraft:dark_oak_planks":6,"minecraft:tnt":6,"minecraft:arrow":19,"minecraft:stone_shovel":2,"minecraft:pumpkin_pie":41,"minecraft:jungle_stairs":1,"alexscaves:spelunkery_table":1,"minecraft:stripped_dark_oak_wood":3,"minecraft:glistering_melon_slice":4,"minecraft:saddle":9,"minecraft:gold_ingot":175,"minecraft:skeleton_skull":1,"minecraft:white_wool":21,"minecraft:golden_carrot":54,"minecraft:tripwire_hook":1,"minecraft:salmon":3,"minecraft:leather":5,"minecraft:red_mushroom":3,"minecraft:filled_map":1,"minecraft:birch_planks":3,"minecraft:mushroom_stew":2,"minecraft:oak_log":15,"minecraft:golden_boots":2,"minecraft:yellow_bed":10,"minecraft:gunpowder":84,"minecraft:blue_bed":12,"minecraft:paper":49,"minecraft:cooked_mutton":3,"minecraft:apple":16,"minecraft:iron_ingot":398,"minecraft:stone_pickaxe":2,"minecraft:cobweb":14,"minecraft:iron_sword":4,"minecraft:book":171,"minecraft:dark_oak_slab":1,"minecraft:pumpkin":14,"minecraft:quartz":113,"minecraft:dandelion":11,"minecraft:gravel":4,"minecraft:amethyst_shard":7,"minecraft:spruce_sapling":164,"minecraft:blast_furnace":2,"minecraft:white_bed":10,"minecraft:spruce_log":828,"minecraft:spider_eye":3,"ava:m18_purple":3,"ava:mosin_nagant_sports":1,"minecraft:slime_ball":17,"minecraft:stone_axe":2,"minecraft:rib_armor_trim_smithing_template":1,"minecraft:iron_helmet":8,"minecraft:diamond_axe":1,"minecraft:gray_wool":1,"minecraft:acacia_slab":1,"minecraft:coal":129,"minecraft:ender_pearl":2},"minecraft:mined":{"minecraft:dark_oak_planks":6,"minecraft:blue_carpet":1,"minecraft:spruce_planks":139,"minecraft:white_bed":9,"minecraft:light_blue_concrete":4,"minecraft:jungle_slab":3,"minecraft:obsidian":42,"minecraft:granite":18,"minecraft:grass_block":230,"minecraft:composter":3,"minecraft:spawner":11,"minecraft:magma_block":5,"minecraft:dark_oak_trapdoor":1,"minecraft:fire":11,"minecraft:barrel":30,"minecraft:fletching_table":16,"minecraft:stripped_dark_oak_wood":3,"minecraft:dark_oak_stairs":1,"minecraft:dirt_path":1,"minecraft:oak_stairs":5,"minecraft:light_gray_concrete":1,"minecraft:stripped_mangrove_wood":6,"minecraft:spruce_slab":1,"minecraft:tripwire":7,"minecraft:torch":1,"minecraft:note_block":2,"minecraft:jungle_stairs":5,"minecraft:blast_furnace":2,"minecraft:calcite":9,"minecraft:chest":42,"minecraft:nether_quartz_ore":23,"minecraft:glass":1,"minecraft:cobblestone":21,"minecraft:oak_planks":13,"minecraft:bricks":2,"minecraft:wall_torch":2,"minecraft:cauldron":3,"minecraft:stone_stairs":3,"minecraft:cyan_wool":3,"minecraft:warped_nylium":5,"minecraft:dark_oak_slab":1,"minecraft:birch_log":85,"minecraft:light_gray_wool":7,"minecraft:grass":54,"minecraft:oak_log":16,"minecraft:acacia_fence":1,"minecraft:dirt":110,"minecraft:crimson_planks":4,"minecraft:tripwire_hook":1,"minecraft:netherrack":968,"minecraft:oak_leaves":5,"minecraft:deepslate":13,"alexscaves:spelunkery_table":1,"minecraft:lever":1,"minecraft:purple_terracotta":4,"minecraft:spruce_fence":2,"minecraft:jungle_planks":17,"minecraft:brick_stairs":2,"minecraft:spruce_leaves":31,"minecraft:acacia_slab":1,"minecraft:large_fern":1,"minecraft:spruce_sapling":2,"minecraft:furnace":1,"minecraft:nether_sprouts":1,"minecraft:acacia_stairs":1,"minecraft:stripped_spruce_log":22,"minecraft:bookshelf":54,"minecraft:cyan_concrete":2,"minecraft:cobblestone_slab":3,"minecraft:stone":151,"minecraft:oak_slab":2,"minecraft:dandelion":4,"minecraft:oak_fence":1,"minecraft:crafting_table":3,"minecraft:lectern":4,"minecraft:diorite":12,"minecraft:blue_bed":12,"minecraft:spruce_stairs":5,"minecraft:brick_slab":1,"minecraft:gray_wool":1,"minecraft:birch_planks":4,"minecraft:stripped_spruce_wood":20,"minecraft:magenta_terracotta":3,"minecraft:ice":5,"minecraft:spruce_log":751,"minecraft:birch_leaves":1,"minecraft:yellow_bed":10,"minecraft:mangrove_slab":1,"minecraft:coal_ore":2,"minecraft:gravel":4,"minecraft:acacia_planks":2,"minecraft:terracotta":2,"minecraft:stripped_acacia_wood":5,"travelersbackpack:villager":7},"minecraft:used":{"minecraft:spruce_slab":12,"minecraft:chest":5,"minecraft:shield":40,"minecraft:rotten_flesh":4,"minecraft:carrot":2,"minecraft:snowball":19,"minecraft:stripped_spruce_log":12,"minecraft:obsidian":41,"minecraft:glass":23,"minecraft:lantern":42,"minecraft:dark_oak_slab":1,"minecraft:diorite":1,"minecraft:warped_fungus_on_a_stick":17,"minecraft:stone_pickaxe":59,"minecraft:composter":3,"minecraft:blue_bed":12,"minecraft:diamond_axe":856,"minecraft:blast_furnace":2,"minecraft:shears":8,"minecraft:lever":3,"minecraft:bread":158,"minecraft:string":23,"minecraft:lectern":8,"minecraft:gravel":3,"alexscaves:tripodfish":1,"minecraft:diamond_sword":97,"minecraft:oak_boat":5,"minecraft:bone_meal":68,"minecraft:stripped_acacia_wood":1,"minecraft:iron_bars":1,"minecraft:stone_sword":26,"minecraft:flint_and_steel":15,"minecraft:spruce_planks":367,"minecraft:cooked_salmon":1,"minecraft:netherrack":450,"minecraft:torch":7,"minecraft:dirt":239,"minecraft:anvil":1,"minecraft:spruce_fence":2,"alexsmobs:maggot":1,"minecraft:bookshelf":54,"minecraft:iron_axe":413,"alexscaves:spelunkery_table":1,"minecraft:light_gray_wool":1,"minecraft:tripwire_hook":3,"minecraft:golden_carrot":4,"minecraft:cooked_beef":2,"minecraft:enchanted_golden_apple":6,"alexsmobs:blobfish":1,"minecraft:calcite":2,"minecraft:water_bucket":65,"minecraft:birch_planks":191,"travelersbackpack:villager":22,"minecraft:cauldron":3,"minecraft:fletching_table":27,"minecraft:cobblestone_slab":9,"minecraft:crafting_table":3,"minecraft:white_bed":10,"toolleveling:tool_leveling_table":1,"minecraft:cake":1,"minecraft:diamond_pickaxe":1254,"minecraft:diamond_shovel":278,"minecraft:iron_pickaxe":8,"minecraft:spruce_trapdoor":2,"minecraft:spruce_sapling":61,"minecraft:stone_axe":148,"minecraft:cobblestone":75,"minecraft:bucket":82,"minecraft:yellow_bed":10,"minecraft:dandelion":1}},"DataVersion":3465}