{"stats":{"minecraft:crafted":{"minecraft:oak_planks":392,"minecraft:furnace":1,"minecraft:ladder":150,"minecraft:stone_pickaxe":2,"minecraft:cooked_beef":4,"minecraft:golden_axe":2,"minecraft:crafting_table":6,"minecraft:spruce_planks":112,"minecraft:wooden_pickaxe":2,"minecraft:golden_pickaxe":1,"minecraft:stone_axe":2,"minecraft:air":0,"minecraft:stick":364,"minecraft:wooden_axe":1,"minecraft:white_bed":1,"minecraft:acacia_planks":28,"minecraft:torch":4},"minecraft:dropped":{"minecraft:golden_horse_armor":2,"minecraft:dirt":8,"minecraft:ice":12,"minecraft:golden_carrot":3,"minecraft:snowball":7,"minecraft:pumpkin_pie":29,"minecraft:gold_nugget":1,"minecraft:pumpkin":13,"minecraft:white_wool":1,"minecraft:bone":3,"minecraft:rotten_flesh":1,"minecraft:leather_leggings":1},"minecraft:mined":{"minecraft:blue_carpet":1,"minecraft:spruce_planks":28,"minecraft:white_bed":1,"minecraft:light_blue_concrete":4,"minecraft:grass_block":15,"minecraft:spawner":1,"minecraft:furnace":1,"minecraft:barrel":4,"minecraft:stone":115,"minecraft:white_wool":16,"minecraft:spruce_slab":2,"minecraft:clay":1,"minecraft:crafting_table":5,"minecraft:chest":5,"minecraft:cobblestone":3,"minecraft:oak_planks":7,"minecraft:diorite":3,"minecraft:spruce_stairs":1,"minecraft:light_blue_terracotta":1,"minecraft:birch_log":29,"minecraft:spruce_log":31,"minecraft:stripped_oak_wood":9,"minecraft:light_gray_wool":1,"minecraft:grass":2,"minecraft:oak_log":125,"minecraft:sand":5,"minecraft:dirt":26,"minecraft:stripped_acacia_wood":6,"minecraft:oak_leaves":1},"minecraft:custom":{"minecraft:mob_kills":18,"minecraft:interact_with_crafting_table":18,"minecraft:open_barrel":2,"minecraft:leave_game":11,"minecraft:time_since_death":4206,"minecraft:climb_one_cm":25634,"minecraft:sprint_one_cm":174780,"minecraft:walk_one_cm":111808,"minecraft:drop":17,"minecraft:talked_to_villager":2,"minecraft:play_time":85532,"minecraft:deaths":10,"minecraft:sneak_time":5254,"minecraft:walk_under_water_one_cm":229,"minecraft:jump":1437,"minecraft:walk_on_water_one_cm":2272,"minecraft:total_world_time":85532,"minecraft:interact_with_furnace":8,"minecraft:time_since_rest":4343,"minecraft:damage_taken":9888,"minecraft:damage_dealt":3631,"minecraft:swim_one_cm":5569,"minecraft:fly_one_cm":335512,"minecraft:open_chest":21,"minecraft:crouch_one_cm":11502,"minecraft:fall_one_cm":81102},"minecraft:broken":{"minecraft:golden_sword":1,"minecraft:golden_axe":1,"minecraft:golden_pickaxe":1,"minecraft:wooden_axe":1},"minecraft:used":{"minecraft:stripped_acacia_wood":3,"minecraft:ladder":104,"minecraft:chest":4,"minecraft:spruce_planks":52,"minecraft:torch":2,"minecraft:dirt":11,"minecraft:spruce_stairs":2,"minecraft:carrot":14,"minecraft:wooden_axe":53,"minecraft:light_gray_wool":1,"minecraft:golden_sword":60,"minecraft:golden_carrot":1,"minecraft:furnace":2,"minecraft:cooked_beef":4,"minecraft:pumpkin":1,"minecraft:acacia_planks":15,"minecraft:golden_axe":48,"minecraft:diorite":3,"minecraft:leather_leggings":1,"minecraft:stone_pickaxe":92,"minecraft:oak_planks":171,"minecraft:wooden_pickaxe":19,"minecraft:white_wool":3,"minecraft:sand":5,"minecraft:crafting_table":8,"minecraft:white_bed":2,"minecraft:redstone_torch":1,"minecraft:apple":2,"minecraft:bread":3,"minecraft:stone_axe":187,"minecraft:cobblestone":38,"minecraft:pumpkin_pie":3,"alexsmobs:animal_dictionary":1,"minecraft:golden_pickaxe":32},"minecraft:killed_by":{"minecraft:husk":1},"minecraft:picked_up":{"minecraft:wooden_axe":2,"minecraft:crafting_table":5,"minecraft:light_blue_concrete":4,"minecraft:nether_wart":15,"minecraft:clay_ball":12,"minecraft:leather_leggings":1,"ava:mp5sd5":1,"minecraft:gold_block":3,"minecraft:potion":6,"ava:m18_toxic":3,"ava:lens":2,"minecraft:golden_sword":4,"minecraft:string":1,"betternether:blue_obsidian":4,"ava:mp7a1_valkyrie":2,"minecraft:gold_nugget":1,"minecraft:spruce_planks":128,"minecraft:beef":6,"minecraft:redstone_torch":1,"minecraft:spruce_slab":3,"minecraft:light_gray_wool":1,"minecraft:chest":7,"minecraft:birch_sapling":7,"minecraft:furnace":2,"minecraft:stick":34,"ava:nrf_standard_boots":1,"minecraft:torch":2,"minecraft:spruce_stairs":4,"minecraft:diorite":3,"minecraft:carrot":42,"minecraft:golden_chestplate":1,"minecraft:rotten_flesh":4,"ava:nrf_standard_trousers":1,"minecraft:pumpkin_pie":60,"ava:nrf_standard_kevlar":1,"minecraft:saddle":2,"minecraft:gold_ingot":37,"ava:silicon":17,"ava:plastic":32,"minecraft:snowball":7,"minecraft:white_wool":11,"minecraft:cobblestone":160,"minecraft:birch_log":29,"minecraft:golden_carrot":4,"minecraft:leather":4,"minecraft:ice":12,"minecraft:oak_log":116,"minecraft:dirt":44,"ava:small_sniper_magazine":17,"minecraft:bone":5,"minecraft:apple":2,"minecraft:iron_ingot":4,"minecraft:stone_pickaxe":1,"ava:sniper_ammo":96,"minecraft:stripped_oak_wood":7,"ava:small_sub_machinegun_magazine":5,"ava:colt_saa":1,"minecraft:oak_planks":7,"minecraft:pumpkin":55,"ava:regular_sub_machinegun_magazine":1,"minecraft:stripped_acacia_wood":14,"minecraft:sand":5,"minecraft:spruce_sapling":39,"minecraft:spruce_log":28,"minecraft:white_bed":1,"minecraft:barrel":7,"minecraft:light_blue_terracotta":1,"minecraft:diamond":3,"minecraft:golden_apple":9,"minecraft:golden_horse_armor":6,"ava:pistol_ammo":68,"minecraft:oak_sapling":22,"ava:compressed_wood":22,"ava:m4a1_dreamcatcher":2,"minecraft:chorus_fruit":7,"minecraft:coal":3,"ava:nrf_standard_helmet":1},"minecraft:killed":{"minecraft:spider":1,"ava:roled_soldier":4,"ava:blue_robot":10,"minecraft:husk":1,"minecraft:cow":2}},"DataVersion":3465}