{"stats":{"minecraft:killed":{"minecraft:spider":5,"minecraft:skeleton":8,"minecraft:zombie_villager":2,"minecraft:iron_golem":1,"minecraft:creeper":1,"minecraft:zombie":22,"minecraft:stray":3,"minecraft:cow":1,"alexsmobs:seagull":1,"ava:yellow_robot":20,"minecraft:husk":1,"minecraft:hoglin":1},"minecraft:broken":{"minecraft:iron_shovel":1,"minecraft:stone_shovel":1,"minecraft:iron_pickaxe":3},"minecraft:picked_up":{"minecraft:wheat":3,"minecraft:oak_stairs":1,"minecraft:potion":6,"minecraft:enchanted_book":5,"ava:lens":14,"minecraft:brewing_stand":2,"ava:shotgun_ammo":38,"minecraft:golden_sword":4,"minecraft:string":6,"betternether:blue_obsidian":2,"minecraft:raw_copper":426,"minecraft:gold_nugget":210,"minecraft:cobbled_deepslate":52,"minecraft:bucket":1,"minecraft:spruce_planks":82,"minecraft:cobblestone_slab":72,"minecraft:furnace":8,"minecraft:tipped_arrow":4,"minecraft:stick":107,"minecraft:composter":6,"minecraft:torch":45,"minecraft:spruce_stairs":12,"ava:work_hardened_iron":9,"ava:regular_sniper_magazine":3,"minecraft:diorite":11,"minecraft:cauldron":15,"minecraft:stone_sword":3,"minecraft:rotten_flesh":32,"minecraft:tropical_fish":4,"minecraft:iron_block":4,"ava:keltec":1,"ava:packed_gunpowder":10,"ava:silicon":9,"minecraft:cod":9,"minecraft:obsidian":4,"minecraft:iron_bars":2,"minecraft:snowball":340,"minecraft:cobblestone":931,"minecraft:feather":2,"minecraft:warped_fungus_on_a_stick":2,"minecraft:iron_door":1,"minecraft:smoker":4,"minecraft:potato":81,"minecraft:flint":6,"minecraft:tuff":14,"minecraft:stripped_spruce_wood":3,"ava:large_pistol_magazine":1,"travelersbackpack:gold_tier_upgrade":1,"minecraft:gray_concrete":2,"minecraft:lapis_lazuli":33,"minecraft:dirt":435,"minecraft:bone":9,"minecraft:bow":1,"minecraft:wheat_seeds":8,"minecraft:diamond_helmet":2,"minecraft:fletching_table":9,"minecraft:oak_planks":207,"minecraft:diorite_wall":10,"minecraft:stripped_acacia_wood":6,"minecraft:sand":30,"minecraft:stripped_spruce_log":24,"minecraft:diamond_block":2,"alexsmobs:animal_dictionary":1,"minecraft:barrel":3,"minecraft:mossy_cobblestone":3,"travelersbackpack:white_sleeping_bag":1,"minecraft:iron_hoe":1,"minecraft:diamond":43,"minecraft:spruce_boat":19,"minecraft:golden_apple":10,"minecraft:emerald":4,"minecraft:bread":30,"ava:pistol_ammo":83,"minecraft:oak_sapling":31,"minecraft:light_gray_carpet":28,"minecraft:diamond_pickaxe":1,"minecraft:spruce_leaves":2,"minecraft:crafting_table":19,"minecraft:splash_potion":4,"minecraft:ladder":25,"minecraft:gold_block":9,"minecraft:diamond_horse_armor":1,"minecraft:white_carpet":2,"minecraft:iron_shovel":1,"minecraft:beef":2,"minecraft:oak_boat":4,"minecraft:spruce_slab":8,"minecraft:poppy":1,"minecraft:light_gray_wool":10,"minecraft:chest":11,"minecraft:sugar_cane":14,"minecraft:spruce_trapdoor":12,"minecraft:raw_iron":87,"minecraft:copper_ingot":58,"minecraft:spruce_fence":9,"minecraft:carrot":191,"minecraft:redstone":4,"ava:sa58":1,"minecraft:cooked_cod":7,"minecraft:diamond_chestplate":2,"minecraft:arrow":14,"minecraft:stone_shovel":2,"minecraft:hay_block":14,"minecraft:totem_of_undying":4,"minecraft:saddle":4,"minecraft:gold_ingot":145,"minecraft:white_wool":13,"minecraft:golden_carrot":26,"minecraft:salmon":15,"ava:small_pistol_magazine":1,"minecraft:oak_log":95,"minecraft:cobblestone_wall":3,"minecraft:cobblestone_stairs":13,"ava:fuse":15,"minecraft:blue_bed":7,"minecraft:red_carpet":4,"minecraft:apple":7,"minecraft:stone_bricks":13,"minecraft:iron_ingot":94,"minecraft:stone_pickaxe":2,"ava:small_sub_machinegun_magazine":6,"minecraft:oak_slab":5,"minecraft:yellow_concrete":4,"minecraft:dripstone_block":3,"minecraft:gravel":35,"minecraft:spruce_sapling":61,"minecraft:blast_furnace":6,"minecraft:white_bed":20,"minecraft:spruce_log":121,"minecraft:spruce_door":1,"minecraft:spider_eye":4,"minecraft:stone_axe":3,"minecraft:stripped_jungle_wood":2,"minecraft:coal":359},"minecraft:custom":{"minecraft:interact_with_crafting_table":56,"minecraft:open_barrel":3,"minecraft:leave_game":6,"minecraft:time_since_death":285644,"minecraft:sprint_one_cm":479471,"minecraft:damage_blocked_by_shield":1395,"minecraft:drop":186,"minecraft:talked_to_villager":46,"minecraft:play_time":318545,"minecraft:deaths":3,"minecraft:jump":5475,"minecraft:interact_with_brewingstand":1,"minecraft:walk_on_water_one_cm":69338,"minecraft:interact_with_furnace":19,"minecraft:traded_with_villager":34,"minecraft:sleep_in_bed":22,"minecraft:damage_dealt":14382,"minecraft:crouch_one_cm":33781,"minecraft:interact_with_smoker":1,"minecraft:mob_kills":71,"minecraft:climb_one_cm":63814,"minecraft:walk_one_cm":741893,"minecraft:sneak_time":11952,"minecraft:walk_under_water_one_cm":51265,"minecraft:boat_one_cm":352665,"minecraft:interact_with_blast_furnace":14,"minecraft:total_world_time":318545,"minecraft:time_since_rest":11693,"minecraft:damage_taken":5807,"minecraft:damage_absorbed":10,"minecraft:swim_one_cm":55028,"minecraft:fly_one_cm":1024618,"minecraft:open_chest":237,"minecraft:fall_one_cm":205515},"minecraft:dropped":{"minecraft:saddle":1,"minecraft:cobblestone_stairs":3,"minecraft:snowball":28,"minecraft:gold_nugget":105,"minecraft:sand":3,"ava:packed_gunpowder":5,"minecraft:bone":7,"minecraft:blue_bed":1,"minecraft:cauldron":1,"minecraft:gravel":2,"minecraft:stone_axe":1,"minecraft:stripped_jungle_wood":2,"minecraft:wheat":2,"minecraft:rotten_flesh":12,"minecraft:light_gray_carpet":5,"minecraft:white_bed":2,"minecraft:carrot":158,"minecraft:poppy":1,"minecraft:tipped_arrow":1,"minecraft:ladder":5,"minecraft:arrow":9,"minecraft:iron_ingot":1,"minecraft:bread":31,"minecraft:wheat_seeds":1,"betternether:blue_obsidian":2,"minecraft:feather":2,"minecraft:cobblestone":14,"minecraft:apple":5,"minecraft:copper_ingot":64,"minecraft:tropical_fish":4,"minecraft:spruce_stairs":2,"minecraft:golden_carrot":4,"minecraft:wooden_axe":1,"minecraft:iron_shovel":1,"minecraft:string":6,"minecraft:spruce_sapling":3,"minecraft:redstone":2,"minecraft:stone_sword":1,"minecraft:raw_copper":337,"minecraft:raw_iron":1,"minecraft:stone_shovel":1,"minecraft:stripped_acacia_wood":1,"minecraft:spruce_fence":1,"minecraft:filled_map":2,"minecraft:cobblestone_slab":4,"minecraft:potato":33,"minecraft:spruce_planks":34,"minecraft:diamond_pickaxe":1,"minecraft:oak_sapling":16,"minecraft:golden_sword":2,"minecraft:spider_eye":2,"minecraft:stone_bricks":1,"minecraft:stone_pickaxe":2,"minecraft:wooden_pickaxe":1},"minecraft:used":{"minecraft:iron_shovel":406,"minecraft:spruce_slab":16,"minecraft:ladder":1,"minecraft:chest":17,"minecraft:shield":22,"minecraft:iron_sword":203,"minecraft:spruce_leaves":2,"minecraft:carrot":37,"minecraft:snowball":19,"minecraft:stripped_spruce_log":1,"minecraft:spruce_boat":20,"minecraft:glass":24,"minecraft:stone_bricks":10,"minecraft:furnace":6,"minecraft:oak_sapling":15,"minecraft:potato":31,"ava:gun_crafting_table":1,"minecraft:stripped_spruce_wood":3,"minecraft:warped_fungus_on_a_stick":10,"minecraft:stone_pickaxe":49,"minecraft:oak_planks":217,"minecraft:wooden_pickaxe":3,"minecraft:composter":5,"minecraft:blue_bed":6,"minecraft:white_wool":4,"minecraft:golden_apple":1,"minecraft:blast_furnace":5,"minecraft:yellow_concrete":4,"minecraft:dripstone_block":1,"minecraft:shears":2,"minecraft:bread":45,"minecraft:iron_door":1,"minecraft:gravel":25,"minecraft:oak_boat":3,"minecraft:stone_sword":61,"minecraft:stone_shovel":132,"minecraft:light_gray_carpet":17,"minecraft:spruce_planks":43,"minecraft:torch":137,"minecraft:dirt":387,"minecraft:spruce_stairs":6,"minecraft:cobblestone_wall":3,"ava:gun_modifying_table":1,"minecraft:spruce_fence":5,"minecraft:iron_hoe":73,"minecraft:wooden_axe":90,"minecraft:iron_axe":221,"minecraft:barrel":2,"minecraft:golden_carrot":19,"minecraft:wheat_seeds":6,"minecraft:water_bucket":130,"minecraft:cauldron":5,"minecraft:fletching_table":11,"minecraft:cobblestone_slab":40,"minecraft:mossy_cobblestone":1,"minecraft:crafting_table":17,"minecraft:white_bed":18,"minecraft:smoker":3,"minecraft:oak_log":1,"minecraft:diamond_pickaxe":377,"minecraft:iron_pickaxe":750,"minecraft:spruce_trapdoor":10,"minecraft:spruce_sapling":33,"minecraft:stone_axe":101,"minecraft:cobblestone":109,"minecraft:bucket":135,"minecraft:splash_potion":1},"minecraft:mined":{"minecraft:spruce_planks":36,"minecraft:white_bed":20,"minecraft:cobblestone_stairs":5,"minecraft:brewing_stand":1,"minecraft:obsidian":4,"minecraft:spruce_trapdoor":8,"minecraft:grass_block":303,"minecraft:composter":5,"minecraft:spawner":3,"minecraft:iron_ore":85,"minecraft:fire":1,"minecraft:barrel":3,"minecraft:fletching_table":9,"minecraft:water_cauldron":5,"minecraft:dirt_path":19,"minecraft:oak_stairs":1,"minecraft:iron_bars":2,"minecraft:spruce_slab":8,"minecraft:smoker":4,"minecraft:torch":8,"minecraft:blast_furnace":6,"minecraft:chest":8,"minecraft:glass":19,"minecraft:cobblestone":61,"minecraft:oak_planks":22,"minecraft:iron_door":2,"minecraft:wall_torch":6,"minecraft:cauldron":5,"minecraft:wheat":5,"minecraft:light_gray_wool":4,"minecraft:grass":13,"minecraft:oak_log":96,"minecraft:diorite_wall":5,"minecraft:sand":31,"minecraft:dirt":57,"minecraft:oak_leaves":19,"minecraft:deepslate":56,"minecraft:tuff":14,"minecraft:mossy_cobblestone":2,"minecraft:ladder":13,"minecraft:spruce_fence":6,"minecraft:stripped_jungle_wood":2,"minecraft:redstone_wire":1,"minecraft:spruce_leaves":8,"minecraft:sandstone":5,"minecraft:hay_block":14,"minecraft:spruce_sapling":8,"minecraft:furnace":7,"minecraft:carrots":21,"minecraft:snow":90,"minecraft:stripped_spruce_log":12,"minecraft:gold_block":2,"minecraft:potatoes":20,"minecraft:cobblestone_slab":11,"minecraft:stone":583,"minecraft:white_wool":4,"minecraft:light_gray_carpet":16,"minecraft:gray_concrete":2,"minecraft:snow_block":3,"minecraft:crafting_table":14,"minecraft:tall_grass":1,"minecraft:copper_ore":96,"minecraft:lapis_ore":5,"minecraft:diorite":10,"minecraft:blue_bed":6,"minecraft:spruce_stairs":7,"minecraft:stripped_spruce_wood":3,"minecraft:cobblestone_wall":3,"minecraft:ice":2,"minecraft:white_carpet":1,"minecraft:spruce_log":94,"minecraft:coal_ore":164,"minecraft:dripstone_block":1,"minecraft:gravel":37,"minecraft:yellow_concrete":4,"minecraft:stripped_acacia_wood":3,"minecraft:stone_bricks":13},"minecraft:crafted":{"minecraft:oak_planks":360,"minecraft:cobblestone_slab":84,"minecraft:glass":24,"minecraft:diamond_leggings":1,"minecraft:chest":8,"ava:gun_crafting_table":1,"ava:gun_modifying_table":1,"minecraft:oak_slab":12,"minecraft:emerald":17,"minecraft:crafting_table":5,"minecraft:spruce_planks":420,"minecraft:wooden_pickaxe":1,"minecraft:copper_ingot":6,"minecraft:gold_block":7,"minecraft:fletching_table":3,"minecraft:spruce_trapdoor":6,"minecraft:diamond_pickaxe":1,"minecraft:shield":2,"minecraft:stick":656,"minecraft:iron_ingot":21,"minecraft:iron_pickaxe":3,"minecraft:iron_block":5,"minecraft:stone_sword":2,"minecraft:gold_ingot":18,"minecraft:light_gray_carpet":15,"minecraft:composter":1,"minecraft:shears":1,"minecraft:stone_shovel":2,"minecraft:furnace":1,"minecraft:spruce_fence":3,"travelersbackpack:white_sleeping_bag":1,"minecraft:iron_axe":2,"minecraft:iron_hoe":2,"minecraft:spruce_slab":12,"minecraft:stone_pickaxe":2,"minecraft:diamond_boots":1,"minecraft:spruce_boat":2,"minecraft:wheat":126,"minecraft:iron_sword":2,"minecraft:bucket":8,"minecraft:stone_axe":2,"minecraft:bread":144,"minecraft:air":0,"minecraft:oak_boat":1,"minecraft:wooden_axe":2,"minecraft:iron_shovel":3,"minecraft:anvil":1,"minecraft:white_bed":1,"minecraft:torch":136}},"DataVersion":3465}