{"stats":{"minecraft:dropped":{"minecraft:saddle":1,"minecraft:cobblestone_stairs":3,"alexsmobs:flying_fish":1,"minecraft:snowball":28,"minecraft:gold_nugget":105,"minecraft:sand":3,"minecraft:bone":8,"ava:packed_gunpowder":5,"minecraft:blue_bed":1,"minecraft:cauldron":1,"minecraft:gravel":2,"minecraft:stone_axe":1,"minecraft:stripped_jungle_wood":2,"minecraft:wheat":2,"minecraft:rotten_flesh":12,"minecraft:light_gray_carpet":5,"minecraft:white_bed":2,"minecraft:carrot":167,"minecraft:poppy":1,"minecraft:tipped_arrow":1,"minecraft:ladder":5,"minecraft:arrow":9,"minecraft:iron_ingot":1,"minecraft:bread":368,"minecraft:wheat_seeds":2,"betternether:blue_obsidian":2,"minecraft:feather":2,"minecraft:cobblestone":15,"minecraft:apple":5,"minecraft:copper_ingot":64,"minecraft:tropical_fish":4,"minecraft:spruce_stairs":2,"minecraft:stick":9,"minecraft:golden_carrot":4,"minecraft:wooden_axe":1,"minecraft:iron_shovel":2,"minecraft:string":6,"minecraft:spruce_sapling":8,"minecraft:redstone":2,"minecraft:stone_sword":1,"minecraft:raw_copper":337,"minecraft:raw_iron":1,"minecraft:stone_shovel":1,"minecraft:stripped_acacia_wood":1,"minecraft:spruce_fence":1,"minecraft:filled_map":2,"minecraft:cobblestone_slab":4,"minecraft:potato":33,"minecraft:spruce_planks":34,"minecraft:diamond_pickaxe":1,"minecraft:oak_sapling":16,"minecraft:golden_sword":2,"minecraft:spider_eye":2,"minecraft:stone_bricks":1,"minecraft:stone_pickaxe":2,"minecraft:wooden_pickaxe":1},"minecraft:killed":{"minecraft:spider":5,"minecraft:skeleton":8,"minecraft:piglin":1,"minecraft:zombie_villager":2,"minecraft:salmon":6,"minecraft:iron_golem":1,"minecraft:creeper":1,"minecraft:zombie":25,"minecraft:stray":3,"minecraft:cow":1,"alexsmobs:seagull":1,"minecraft:horse":1,"minecraft:drowned":2,"alexsmobs:flying_fish":1,"betternether:naga":2,"ava:yellow_robot":20,"minecraft:husk":1,"minecraft:hoglin":1,"alexsmobs:crow":1,"minecraft:villager":2},"minecraft:broken":{"minecraft:iron_shovel":5,"minecraft:stone_shovel":1,"minecraft:diamond_axe":1,"minecraft:iron_axe":1,"minecraft:iron_pickaxe":3},"minecraft:crafted":{"minecraft:oak_planks":684,"minecraft:cobblestone_slab":102,"minecraft:diamond_shovel":1,"minecraft:bookshelf":8,"minecraft:glass":36,"minecraft:diamond_leggings":1,"minecraft:chest":27,"ava:gun_crafting_table":1,"minecraft:oak_fence":90,"ava:gun_modifying_table":1,"minecraft:oak_slab":24,"minecraft:emerald":425,"minecraft:diamond_axe":2,"minecraft:crafting_table":7,"minecraft:spruce_planks":8456,"minecraft:wooden_pickaxe":1,"minecraft:copper_ingot":6,"minecraft:gold_block":7,"minecraft:fletching_table":18,"minecraft:spruce_trapdoor":24,"minecraft:diamond_pickaxe":1,"minecraft:shield":2,"minecraft:stick":16352,"minecraft:iron_ingot":21,"minecraft:iron_pickaxe":3,"minecraft:iron_block":5,"minecraft:stone_sword":2,"minecraft:gold_ingot":18,"minecraft:light_gray_carpet":15,"minecraft:composter":2,"minecraft:spruce_fence_gate":4,"minecraft:shears":2,"minecraft:stone_shovel":2,"minecraft:furnace":9,"minecraft:spruce_fence":3,"minecraft:white_carpet":15,"minecraft:oak_trapdoor":8,"minecraft:diamond":18,"travelersbackpack:white_sleeping_bag":1,"minecraft:iron_axe":2,"minecraft:spruce_slab":36,"minecraft:iron_hoe":2,"minecraft:stone_pickaxe":2,"minecraft:diamond_boots":1,"minecraft:spruce_boat":2,"minecraft:wheat":126,"minecraft:iron_sword":2,"minecraft:bucket":10,"minecraft:stone_axe":2,"minecraft:enchanted_book":6,"minecraft:bread":558,"minecraft:air":0,"minecraft:oak_boat":2,"minecraft:wooden_axe":2,"minecraft:iron_shovel":6,"minecraft:anvil":1,"minecraft:white_bed":1,"minecraft:torch":180},"minecraft:custom":{"minecraft:animals_bred":16,"minecraft:interact_with_crafting_table":84,"minecraft:open_barrel":3,"minecraft:leave_game":17,"minecraft:time_since_death":536199,"minecraft:sprint_one_cm":1131069,"minecraft:damage_blocked_by_shield":1395,"minecraft:drop":255,"minecraft:talked_to_villager":208,"minecraft:play_time":569100,"minecraft:deaths":3,"minecraft:jump":10305,"minecraft:interact_with_brewingstand":1,"minecraft:walk_on_water_one_cm":84241,"minecraft:interact_with_furnace":33,"minecraft:traded_with_villager":525,"minecraft:interact_with_loom":1,"minecraft:sleep_in_bed":42,"minecraft:damage_dealt":16272,"minecraft:crouch_one_cm":56217,"minecraft:interact_with_smoker":1,"minecraft:horse_one_cm":375,"minecraft:interact_with_anvil":2,"minecraft:mob_kills":90,"minecraft:climb_one_cm":64176,"minecraft:walk_one_cm":1630765,"minecraft:sneak_time":19543,"minecraft:walk_under_water_one_cm":61599,"minecraft:boat_one_cm":366390,"minecraft:interact_with_blast_furnace":14,"minecraft:total_world_time":569100,"minecraft:time_since_rest":2784,"minecraft:damage_absorbed":10,"minecraft:damage_taken":6399,"minecraft:swim_one_cm":125915,"minecraft:fly_one_cm":2297750,"minecraft:open_chest":428,"minecraft:fall_one_cm":341138},"minecraft:picked_up":{"minecraft:wheat":64,"minecraft:oak_stairs":3,"minecraft:potion":6,"minecraft:enchanted_book":8,"ava:lens":14,"minecraft:brewing_stand":2,"minecraft:golden_sword":4,"ava:shotgun_ammo":38,"minecraft:string":6,"betternether:blue_obsidian":2,"minecraft:raw_copper":431,"minecraft:gold_nugget":210,"minecraft:cobbled_deepslate":52,"minecraft:bucket":1,"minecraft:spruce_planks":82,"minecraft:cobblestone_slab":112,"minecraft:furnace":8,"minecraft:tipped_arrow":4,"minecraft:stick":228,"minecraft:composter":33,"minecraft:oak_fence":18,"minecraft:torch":62,"minecraft:spruce_stairs":12,"ava:work_hardened_iron":9,"ava:regular_sniper_magazine":3,"minecraft:diorite":11,"minecraft:cauldron":15,"minecraft:stone_sword":3,"minecraft:rotten_flesh":34,"minecraft:tropical_fish":4,"minecraft:iron_block":4,"ava:keltec":1,"ava:packed_gunpowder":10,"ava:silicon":9,"minecraft:obsidian":4,"minecraft:iron_bars":2,"minecraft:cod":9,"minecraft:snowball":387,"alexsmobs:flying_fish":1,"minecraft:cobblestone":1510,"minecraft:feather":3,"minecraft:warped_fungus_on_a_stick":2,"minecraft:iron_door":1,"minecraft:smoker":4,"minecraft:potato":85,"minecraft:flint":36,"minecraft:stripped_spruce_wood":3,"minecraft:tuff":14,"ava:large_pistol_magazine":1,"travelersbackpack:gold_tier_upgrade":1,"minecraft:gray_concrete":2,"minecraft:lapis_lazuli":33,"minecraft:dirt":1763,"minecraft:bone":10,"minecraft:bow":1,"minecraft:wheat_seeds":241,"minecraft:fletching_table":52,"minecraft:diamond_helmet":2,"minecraft:oak_planks":209,"minecraft:diorite_wall":10,"minecraft:stripped_acacia_wood":6,"minecraft:sand":42,"minecraft:stripped_spruce_log":24,"minecraft:diamond_block":2,"alexsmobs:animal_dictionary":1,"minecraft:barrel":3,"minecraft:mossy_cobblestone":3,"travelersbackpack:white_sleeping_bag":1,"minecraft:iron_hoe":1,"minecraft:diamond":43,"minecraft:spruce_boat":19,"minecraft:golden_apple":10,"minecraft:emerald":4,"minecraft:bread":41,"ava:pistol_ammo":83,"minecraft:oak_sapling":51,"minecraft:light_gray_carpet":28,"minecraft:netherrack":6,"minecraft:diamond_pickaxe":1,"minecraft:spruce_leaves":2,"minecraft:crafting_table":20,"minecraft:splash_potion":4,"minecraft:ladder":25,"minecraft:gold_block":9,"minecraft:diamond_horse_armor":1,"minecraft:oak_trapdoor":12,"minecraft:white_carpet":2,"minecraft:iron_shovel":2,"minecraft:beef":2,"minecraft:oak_boat":6,"minecraft:poppy":1,"minecraft:spruce_slab":11,"minecraft:light_gray_wool":10,"minecraft:chest":31,"minecraft:sugar_cane":14,"minecraft:spruce_trapdoor":55,"minecraft:raw_iron":87,"minecraft:copper_ingot":58,"minecraft:spruce_fence":9,"minecraft:carrot":200,"minecraft:redstone":4,"ava:sa58":1,"minecraft:cooked_cod":7,"minecraft:stone_shovel":2,"minecraft:arrow":14,"minecraft:diamond_chestplate":2,"minecraft:hay_block":14,"minecraft:totem_of_undying":4,"minecraft:saddle":4,"minecraft:gold_ingot":145,"minecraft:white_wool":26,"minecraft:golden_carrot":26,"minecraft:salmon":21,"minecraft:leather":2,"ava:small_pistol_magazine":1,"minecraft:oak_log":172,"minecraft:yellow_bed":2,"minecraft:cobblestone_wall":3,"minecraft:cobblestone_stairs":13,"minecraft:blue_bed":7,"ava:fuse":15,"minecraft:red_carpet":4,"minecraft:apple":11,"minecraft:stone_bricks":13,"minecraft:iron_ingot":94,"minecraft:stone_pickaxe":2,"ava:small_sub_machinegun_magazine":6,"minecraft:book":21,"minecraft:oak_slab":5,"minecraft:yellow_concrete":4,"minecraft:dripstone_block":3,"minecraft:gravel":298,"minecraft:spruce_sapling":300,"minecraft:blast_furnace":6,"minecraft:white_bed":22,"minecraft:spruce_log":2147,"minecraft:spruce_door":1,"minecraft:spider_eye":4,"minecraft:stone_axe":3,"minecraft:stripped_jungle_wood":2,"minecraft:coal":435},"minecraft:mined":{"minecraft:spruce_planks":36,"minecraft:white_bed":22,"minecraft:farmland":24,"minecraft:cobblestone_stairs":5,"minecraft:brewing_stand":1,"minecraft:obsidian":4,"minecraft:spruce_trapdoor":51,"minecraft:grass_block":1097,"minecraft:composter":32,"minecraft:spawner":3,"minecraft:iron_ore":85,"minecraft:fire":1,"minecraft:barrel":3,"minecraft:fletching_table":52,"minecraft:water_cauldron":5,"minecraft:dirt_path":102,"minecraft:oak_stairs":3,"minecraft:iron_bars":2,"minecraft:spruce_slab":11,"minecraft:smoker":4,"minecraft:torch":16,"minecraft:blast_furnace":6,"minecraft:chest":28,"minecraft:glass":23,"minecraft:cobblestone":119,"minecraft:oak_planks":24,"minecraft:iron_door":2,"minecraft:wall_torch":9,"minecraft:cauldron":5,"minecraft:wheat":106,"minecraft:light_gray_wool":4,"minecraft:grass":109,"minecraft:oak_log":172,"minecraft:diorite_wall":5,"minecraft:sand":43,"minecraft:dirt":398,"minecraft:netherrack":6,"minecraft:oak_leaves":21,"minecraft:deepslate":56,"minecraft:tuff":14,"minecraft:mossy_cobblestone":2,"minecraft:ladder":13,"minecraft:spruce_fence":6,"minecraft:stripped_jungle_wood":2,"minecraft:redstone_wire":1,"minecraft:spruce_leaves":10,"minecraft:sandstone":5,"minecraft:hay_block":14,"minecraft:oak_trapdoor":14,"minecraft:spruce_sapling":33,"minecraft:furnace":7,"minecraft:carrots":23,"minecraft:snow":97,"minecraft:stripped_spruce_log":12,"minecraft:gold_block":2,"minecraft:bookshelf":7,"minecraft:potatoes":22,"minecraft:cobblestone_slab":45,"minecraft:stone":1104,"minecraft:white_wool":4,"minecraft:podzol":81,"minecraft:light_gray_carpet":16,"minecraft:gray_concrete":2,"minecraft:snow_block":51,"minecraft:oak_fence":18,"minecraft:crafting_table":15,"minecraft:tall_grass":6,"minecraft:copper_ore":97,"minecraft:lapis_ore":5,"minecraft:diorite":10,"minecraft:blue_bed":6,"minecraft:spruce_stairs":7,"minecraft:stripped_spruce_wood":3,"minecraft:cobblestone_wall":3,"minecraft:ice":2,"minecraft:white_carpet":1,"minecraft:spruce_log":2139,"minecraft:yellow_bed":2,"minecraft:coal_ore":240,"minecraft:dripstone_block":1,"minecraft:gravel":329,"minecraft:yellow_concrete":4,"minecraft:stripped_acacia_wood":3,"minecraft:stone_bricks":13},"minecraft:used":{"minecraft:iron_shovel":1516,"minecraft:spruce_slab":41,"minecraft:ladder":1,"minecraft:chest":56,"minecraft:shield":22,"minecraft:iron_sword":233,"minecraft:spruce_leaves":2,"minecraft:carrot":37,"minecraft:snowball":19,"minecraft:stripped_spruce_log":1,"minecraft:spruce_boat":20,"minecraft:glass":36,"minecraft:stone_bricks":10,"minecraft:oak_sapling":15,"minecraft:furnace":14,"minecraft:potato":31,"minecraft:stripped_spruce_wood":3,"ava:gun_crafting_table":1,"minecraft:warped_fungus_on_a_stick":15,"minecraft:stone_pickaxe":49,"minecraft:oak_planks":219,"minecraft:wooden_pickaxe":3,"minecraft:blue_bed":6,"minecraft:composter":33,"minecraft:diamond_axe":2057,"minecraft:white_wool":4,"minecraft:golden_apple":1,"minecraft:blast_furnace":5,"minecraft:yellow_concrete":4,"minecraft:dripstone_block":1,"minecraft:shears":2,"minecraft:bread":93,"minecraft:gravel":280,"minecraft:iron_door":1,"minecraft:oak_boat":5,"minecraft:oak_fence":108,"minecraft:oak_trapdoor":20,"minecraft:stone_sword":61,"minecraft:stone_shovel":132,"minecraft:light_gray_carpet":17,"minecraft:spruce_planks":43,"minecraft:netherrack":6,"minecraft:torch":196,"minecraft:dirt":808,"minecraft:white_carpet":12,"minecraft:spruce_stairs":6,"minecraft:cobblestone_wall":3,"ava:gun_modifying_table":1,"minecraft:spruce_fence":5,"minecraft:iron_hoe":272,"minecraft:wooden_axe":90,"minecraft:bookshelf":7,"minecraft:iron_axe":519,"minecraft:oak_stairs":2,"minecraft:barrel":2,"minecraft:golden_carrot":19,"minecraft:wheat_seeds":221,"minecraft:water_bucket":136,"minecraft:cauldron":5,"minecraft:fletching_table":59,"minecraft:spruce_fence_gate":4,"minecraft:cobblestone_slab":119,"minecraft:mossy_cobblestone":1,"minecraft:crafting_table":20,"minecraft:white_bed":20,"minecraft:spruce_log":1,"minecraft:smoker":3,"minecraft:oak_log":1,"minecraft:diamond_pickaxe":1076,"minecraft:diamond_shovel":593,"minecraft:iron_pickaxe":750,"minecraft:spruce_trapdoor":67,"minecraft:spruce_sapling":262,"minecraft:stone_axe":101,"minecraft:cobblestone":201,"minecraft:bucket":143,"minecraft:yellow_bed":2,"minecraft:splash_potion":1}},"DataVersion":3465}