{"stats":{"minecraft:crafted":{"minecraft:oak_planks":684,"minecraft:cobblestone_slab":84,"minecraft:diamond_shovel":1,"minecraft:glass":36,"minecraft:diamond_leggings":1,"minecraft:chest":17,"ava:gun_crafting_table":1,"minecraft:oak_fence":90,"ava:gun_modifying_table":1,"minecraft:oak_slab":12,"minecraft:emerald":38,"minecraft:crafting_table":5,"minecraft:spruce_planks":768,"minecraft:wooden_pickaxe":1,"minecraft:copper_ingot":6,"minecraft:gold_block":7,"minecraft:fletching_table":18,"minecraft:spruce_trapdoor":6,"minecraft:diamond_pickaxe":1,"minecraft:shield":2,"minecraft:stick":1412,"minecraft:iron_ingot":21,"minecraft:iron_pickaxe":3,"minecraft:iron_block":5,"minecraft:stone_sword":2,"minecraft:gold_ingot":18,"minecraft:light_gray_carpet":15,"minecraft:composter":1,"minecraft:shears":2,"minecraft:stone_shovel":2,"minecraft:furnace":9,"minecraft:spruce_fence":3,"minecraft:white_carpet":15,"minecraft:oak_trapdoor":8,"travelersbackpack:white_sleeping_bag":1,"minecraft:iron_axe":2,"minecraft:spruce_slab":12,"minecraft:iron_hoe":2,"minecraft:stone_pickaxe":2,"minecraft:diamond_boots":1,"minecraft:spruce_boat":2,"minecraft:wheat":126,"minecraft:iron_sword":2,"minecraft:bucket":8,"minecraft:stone_axe":2,"minecraft:bread":270,"minecraft:air":0,"minecraft:oak_boat":2,"minecraft:wooden_axe":2,"minecraft:iron_shovel":6,"minecraft:anvil":1,"minecraft:white_bed":1,"minecraft:torch":136},"minecraft:dropped":{"minecraft:saddle":1,"minecraft:cobblestone_stairs":3,"alexsmobs:flying_fish":1,"minecraft:snowball":28,"minecraft:gold_nugget":105,"minecraft:sand":3,"minecraft:bone":7,"ava:packed_gunpowder":5,"minecraft:blue_bed":1,"minecraft:cauldron":1,"minecraft:gravel":2,"minecraft:stone_axe":1,"minecraft:stripped_jungle_wood":2,"minecraft:wheat":2,"minecraft:rotten_flesh":12,"minecraft:light_gray_carpet":5,"minecraft:white_bed":2,"minecraft:carrot":167,"minecraft:poppy":1,"minecraft:tipped_arrow":1,"minecraft:ladder":5,"minecraft:arrow":9,"minecraft:iron_ingot":1,"minecraft:bread":176,"minecraft:wheat_seeds":2,"betternether:blue_obsidian":2,"minecraft:feather":2,"minecraft:cobblestone":15,"minecraft:apple":5,"minecraft:copper_ingot":64,"minecraft:tropical_fish":4,"minecraft:spruce_stairs":2,"minecraft:golden_carrot":4,"minecraft:wooden_axe":1,"minecraft:iron_shovel":2,"minecraft:string":6,"minecraft:spruce_sapling":3,"minecraft:redstone":2,"minecraft:stone_sword":1,"minecraft:raw_copper":337,"minecraft:raw_iron":1,"minecraft:stone_shovel":1,"minecraft:stripped_acacia_wood":1,"minecraft:spruce_fence":1,"minecraft:filled_map":2,"minecraft:cobblestone_slab":4,"minecraft:potato":33,"minecraft:spruce_planks":34,"minecraft:diamond_pickaxe":1,"minecraft:oak_sapling":16,"minecraft:golden_sword":2,"minecraft:spider_eye":2,"minecraft:stone_bricks":1,"minecraft:stone_pickaxe":2,"minecraft:wooden_pickaxe":1},"minecraft:custom":{"minecraft:animals_bred":6,"minecraft:interact_with_crafting_table":68,"minecraft:open_barrel":3,"minecraft:leave_game":12,"minecraft:time_since_death":424239,"minecraft:sprint_one_cm":851596,"minecraft:damage_blocked_by_shield":1395,"minecraft:drop":249,"minecraft:talked_to_villager":107,"minecraft:play_time":457140,"minecraft:deaths":3,"minecraft:jump":8577,"minecraft:interact_with_brewingstand":1,"minecraft:walk_on_water_one_cm":81630,"minecraft:interact_with_furnace":33,"minecraft:traded_with_villager":76,"minecraft:sleep_in_bed":32,"minecraft:damage_dealt":15642,"minecraft:crouch_one_cm":50575,"minecraft:interact_with_smoker":1,"minecraft:horse_one_cm":375,"minecraft:mob_kills":84,"minecraft:climb_one_cm":63814,"minecraft:walk_one_cm":1280677,"minecraft:sneak_time":17215,"minecraft:walk_under_water_one_cm":61599,"minecraft:boat_one_cm":366390,"minecraft:interact_with_blast_furnace":14,"minecraft:total_world_time":457140,"minecraft:time_since_rest":3089,"minecraft:damage_taken":6195,"minecraft:damage_absorbed":10,"minecraft:swim_one_cm":125915,"minecraft:fly_one_cm":1831270,"minecraft:open_chest":316,"minecraft:fall_one_cm":307458},"minecraft:mined":{"minecraft:spruce_planks":36,"minecraft:white_bed":22,"minecraft:farmland":24,"minecraft:cobblestone_stairs":5,"minecraft:brewing_stand":1,"minecraft:obsidian":4,"minecraft:spruce_trapdoor":8,"minecraft:grass_block":893,"minecraft:composter":23,"minecraft:spawner":3,"minecraft:iron_ore":85,"minecraft:fire":1,"minecraft:barrel":3,"minecraft:fletching_table":49,"minecraft:water_cauldron":5,"minecraft:dirt_path":89,"minecraft:oak_stairs":3,"minecraft:iron_bars":2,"minecraft:spruce_slab":8,"minecraft:smoker":4,"minecraft:torch":15,"minecraft:blast_furnace":6,"minecraft:chest":16,"minecraft:glass":23,"minecraft:cobblestone":115,"minecraft:oak_planks":24,"minecraft:iron_door":2,"minecraft:wall_torch":8,"minecraft:cauldron":5,"minecraft:wheat":57,"minecraft:light_gray_wool":4,"minecraft:grass":88,"minecraft:oak_log":172,"minecraft:diorite_wall":5,"minecraft:sand":43,"minecraft:dirt":200,"minecraft:oak_leaves":21,"minecraft:deepslate":56,"minecraft:tuff":14,"minecraft:mossy_cobblestone":2,"minecraft:ladder":13,"minecraft:spruce_fence":6,"minecraft:stripped_jungle_wood":2,"minecraft:redstone_wire":1,"minecraft:spruce_leaves":10,"minecraft:sandstone":5,"minecraft:hay_block":14,"minecraft:oak_trapdoor":6,"minecraft:spruce_sapling":13,"minecraft:furnace":7,"minecraft:carrots":23,"minecraft:snow":97,"minecraft:stripped_spruce_log":12,"minecraft:gold_block":2,"minecraft:potatoes":22,"minecraft:cobblestone_slab":29,"minecraft:stone":871,"minecraft:white_wool":4,"minecraft:light_gray_carpet":16,"minecraft:gray_concrete":2,"minecraft:snow_block":51,"minecraft:oak_fence":18,"minecraft:crafting_table":15,"minecraft:tall_grass":3,"minecraft:copper_ore":96,"minecraft:lapis_ore":5,"minecraft:diorite":10,"minecraft:blue_bed":6,"minecraft:spruce_stairs":7,"minecraft:stripped_spruce_wood":3,"minecraft:cobblestone_wall":3,"minecraft:ice":2,"minecraft:white_carpet":1,"minecraft:spruce_log":181,"minecraft:yellow_bed":2,"minecraft:coal_ore":240,"minecraft:dripstone_block":1,"minecraft:gravel":327,"minecraft:yellow_concrete":4,"minecraft:stripped_acacia_wood":3,"minecraft:stone_bricks":13},"minecraft:used":{"minecraft:iron_shovel":1516,"minecraft:spruce_slab":16,"minecraft:ladder":1,"minecraft:chest":34,"minecraft:shield":22,"minecraft:iron_sword":219,"minecraft:spruce_leaves":2,"minecraft:carrot":37,"minecraft:snowball":19,"minecraft:stripped_spruce_log":1,"minecraft:spruce_boat":20,"minecraft:glass":36,"minecraft:stone_bricks":10,"minecraft:oak_sapling":15,"minecraft:furnace":14,"minecraft:potato":31,"minecraft:stripped_spruce_wood":3,"ava:gun_crafting_table":1,"minecraft:warped_fungus_on_a_stick":12,"minecraft:stone_pickaxe":49,"minecraft:oak_planks":219,"minecraft:wooden_pickaxe":3,"minecraft:composter":23,"minecraft:blue_bed":6,"minecraft:white_wool":4,"minecraft:golden_apple":1,"minecraft:blast_furnace":5,"minecraft:yellow_concrete":4,"minecraft:dripstone_block":1,"minecraft:shears":2,"minecraft:bread":75,"minecraft:gravel":280,"minecraft:iron_door":1,"minecraft:oak_boat":5,"minecraft:oak_fence":108,"minecraft:oak_trapdoor":12,"minecraft:stone_sword":61,"minecraft:stone_shovel":132,"minecraft:light_gray_carpet":17,"minecraft:spruce_planks":43,"minecraft:torch":177,"minecraft:dirt":571,"minecraft:white_carpet":12,"minecraft:spruce_stairs":6,"minecraft:cobblestone_wall":3,"ava:gun_modifying_table":1,"minecraft:spruce_fence":5,"minecraft:iron_hoe":272,"minecraft:wooden_axe":90,"minecraft:iron_axe":506,"minecraft:oak_stairs":2,"minecraft:barrel":2,"minecraft:golden_carrot":19,"minecraft:wheat_seeds":88,"minecraft:water_bucket":134,"minecraft:cauldron":5,"minecraft:fletching_table":53,"minecraft:cobblestone_slab":88,"minecraft:mossy_cobblestone":1,"minecraft:crafting_table":18,"minecraft:white_bed":20,"minecraft:smoker":3,"minecraft:oak_log":1,"minecraft:diamond_pickaxe":814,"minecraft:diamond_shovel":91,"minecraft:iron_pickaxe":750,"minecraft:spruce_trapdoor":10,"minecraft:spruce_sapling":62,"minecraft:stone_axe":101,"minecraft:cobblestone":172,"minecraft:bucket":139,"minecraft:yellow_bed":2,"minecraft:splash_potion":1},"minecraft:broken":{"minecraft:iron_shovel":5,"minecraft:stone_shovel":1,"minecraft:iron_axe":1,"minecraft:iron_pickaxe":3},"minecraft:killed":{"minecraft:spider":5,"minecraft:skeleton":8,"minecraft:zombie_villager":2,"minecraft:salmon":6,"minecraft:iron_golem":1,"minecraft:creeper":1,"minecraft:zombie":23,"minecraft:stray":3,"minecraft:cow":1,"alexsmobs:seagull":1,"minecraft:drowned":2,"alexsmobs:flying_fish":1,"ava:yellow_robot":20,"minecraft:husk":1,"minecraft:hoglin":1,"alexsmobs:crow":1,"minecraft:villager":2},"minecraft:picked_up":{"minecraft:wheat":16,"minecraft:oak_stairs":3,"minecraft:potion":6,"minecraft:enchanted_book":5,"ava:lens":14,"minecraft:brewing_stand":2,"minecraft:golden_sword":4,"ava:shotgun_ammo":38,"minecraft:string":6,"betternether:blue_obsidian":2,"minecraft:raw_copper":426,"minecraft:gold_nugget":210,"minecraft:cobbled_deepslate":52,"minecraft:bucket":1,"minecraft:spruce_planks":82,"minecraft:cobblestone_slab":94,"minecraft:furnace":8,"minecraft:tipped_arrow":4,"minecraft:stick":132,"minecraft:composter":24,"minecraft:oak_fence":18,"minecraft:torch":59,"minecraft:spruce_stairs":12,"ava:work_hardened_iron":9,"ava:regular_sniper_magazine":3,"minecraft:diorite":11,"minecraft:cauldron":15,"minecraft:stone_sword":3,"minecraft:rotten_flesh":32,"minecraft:tropical_fish":4,"minecraft:iron_block":4,"ava:keltec":1,"ava:packed_gunpowder":10,"ava:silicon":9,"minecraft:obsidian":4,"minecraft:iron_bars":2,"minecraft:cod":9,"minecraft:snowball":387,"alexsmobs:flying_fish":1,"minecraft:cobblestone":1270,"minecraft:feather":3,"minecraft:warped_fungus_on_a_stick":2,"minecraft:iron_door":1,"minecraft:smoker":4,"minecraft:potato":85,"minecraft:flint":36,"minecraft:tuff":14,"minecraft:stripped_spruce_wood":3,"ava:large_pistol_magazine":1,"travelersbackpack:gold_tier_upgrade":1,"minecraft:gray_concrete":2,"minecraft:lapis_lazuli":33,"minecraft:dirt":1261,"minecraft:bone":9,"minecraft:bow":1,"minecraft:wheat_seeds":96,"minecraft:fletching_table":49,"minecraft:diamond_helmet":2,"minecraft:oak_planks":209,"minecraft:diorite_wall":10,"minecraft:stripped_acacia_wood":6,"minecraft:sand":42,"minecraft:stripped_spruce_log":24,"minecraft:diamond_block":2,"alexsmobs:animal_dictionary":1,"minecraft:barrel":3,"minecraft:mossy_cobblestone":3,"travelersbackpack:white_sleeping_bag":1,"minecraft:iron_hoe":1,"minecraft:diamond":43,"minecraft:spruce_boat":19,"minecraft:golden_apple":10,"minecraft:emerald":4,"minecraft:bread":41,"ava:pistol_ammo":83,"minecraft:oak_sapling":51,"minecraft:light_gray_carpet":28,"minecraft:diamond_pickaxe":1,"minecraft:spruce_leaves":2,"minecraft:crafting_table":20,"minecraft:splash_potion":4,"minecraft:ladder":25,"minecraft:gold_block":9,"minecraft:diamond_horse_armor":1,"minecraft:oak_trapdoor":4,"minecraft:white_carpet":2,"minecraft:iron_shovel":2,"minecraft:beef":2,"minecraft:oak_boat":6,"minecraft:poppy":1,"minecraft:spruce_slab":8,"minecraft:light_gray_wool":10,"minecraft:chest":19,"minecraft:sugar_cane":14,"minecraft:spruce_trapdoor":12,"minecraft:raw_iron":87,"minecraft:copper_ingot":58,"minecraft:spruce_fence":9,"minecraft:carrot":200,"minecraft:redstone":4,"ava:sa58":1,"minecraft:cooked_cod":7,"minecraft:stone_shovel":2,"minecraft:arrow":14,"minecraft:diamond_chestplate":2,"minecraft:hay_block":14,"minecraft:totem_of_undying":4,"minecraft:saddle":4,"minecraft:gold_ingot":145,"minecraft:white_wool":26,"minecraft:golden_carrot":26,"minecraft:salmon":21,"ava:small_pistol_magazine":1,"minecraft:oak_log":172,"minecraft:yellow_bed":2,"minecraft:cobblestone_wall":3,"minecraft:cobblestone_stairs":13,"minecraft:blue_bed":7,"ava:fuse":15,"minecraft:red_carpet":4,"minecraft:apple":11,"minecraft:stone_bricks":13,"minecraft:iron_ingot":94,"minecraft:stone_pickaxe":2,"ava:small_sub_machinegun_magazine":6,"minecraft:oak_slab":5,"minecraft:yellow_concrete":4,"minecraft:dripstone_block":3,"minecraft:gravel":295,"minecraft:spruce_sapling":90,"minecraft:blast_furnace":6,"minecraft:white_bed":22,"minecraft:spruce_log":208,"minecraft:spruce_door":1,"minecraft:spider_eye":4,"minecraft:stone_axe":3,"minecraft:stripped_jungle_wood":2,"minecraft:coal":435}},"DataVersion":3465}