{"stats":{"minecraft:dropped":{"minecraft:nether_brick_stairs":1,"minecraft:stripped_mangrove_wood":4,"minecraft:oak_log":4,"minecraft:mangrove_planks":7,"minecraft:saddle":1,"minecraft:cobblestone_stairs":3,"minecraft:dirt":2,"minecraft:gray_concrete":1,"alexsmobs:flying_fish":1,"minecraft:cooked_cod":5,"minecraft:snowball":28,"minecraft:gold_nugget":106,"minecraft:sand":3,"minecraft:mangrove_slab":2,"minecraft:cyan_carpet":2,"minecraft:bone":12,"minecraft:cauldron":1,"ava:packed_gunpowder":5,"minecraft:blue_bed":1,"minecraft:gravel":2,"minecraft:note_block":1,"minecraft:stone_axe":1,"minecraft:stripped_jungle_wood":2,"minecraft:obsidian":2,"minecraft:wheat":2,"minecraft:rotten_flesh":13,"minecraft:light_gray_carpet":5,"minecraft:white_bed":2,"minecraft:carrot":167,"minecraft:poppy":1,"minecraft:tipped_arrow":1,"minecraft:gunpowder":2,"minecraft:ladder":5,"minecraft:spruce_slab":2,"minecraft:red_nether_bricks":3,"minecraft:arrow":9,"minecraft:iron_ingot":1,"minecraft:bread":561,"betternether:blue_obsidian":2,"minecraft:wheat_seeds":4,"minecraft:tnt":4,"minecraft:smooth_quartz_stairs":2,"minecraft:yellow_concrete":2,"minecraft:feather":2,"minecraft:cobblestone":15,"minecraft:apple":5,"minecraft:copper_ingot":64,"minecraft:tropical_fish":4,"minecraft:spruce_stairs":2,"minecraft:coal":1,"minecraft:stick":9,"minecraft:golden_carrot":4,"minecraft:wooden_axe":1,"minecraft:smooth_quartz":8,"minecraft:iron_shovel":2,"minecraft:string":10,"minecraft:polished_deepslate_wall":1,"minecraft:spruce_sapling":10,"minecraft:polished_deepslate":2,"minecraft:redstone":2,"minecraft:chiseled_quartz_block":3,"minecraft:stone_sword":1,"minecraft:raw_copper":337,"minecraft:raw_iron":1,"minecraft:stone_shovel":1,"minecraft:name_tag":1,"minecraft:stripped_acacia_wood":1,"minecraft:light_gray_concrete":4,"minecraft:spruce_fence":1,"minecraft:filled_map":2,"minecraft:potato":33,"minecraft:cobblestone_slab":4,"minecraft:spruce_planks":34,"minecraft:diamond_pickaxe":1,"minecraft:oak_sapling":21,"minecraft:golden_sword":2,"minecraft:spider_eye":2,"minecraft:stone_bricks":1,"minecraft:spruce_log":6,"minecraft:stone_pickaxe":2,"minecraft:wooden_pickaxe":1,"minecraft:calcite":8},"minecraft:killed":{"minecraft:spider":5,"minecraft:skeleton":18,"minecraft:piglin":1,"minecraft:salmon":6,"minecraft:zombie_villager":2,"minecraft:iron_golem":1,"minecraft:creeper":2,"minecraft:zombie":30,"minecraft:stray":3,"minecraft:cow":5,"alexsmobs:seagull":1,"minecraft:horse":1,"minecraft:drowned":2,"alexsmobs:flying_fish":1,"betternether:naga":2,"ava:yellow_robot":30,"minecraft:husk":7,"minecraft:hoglin":1,"alexsmobs:crow":1,"minecraft:villager":2},"minecraft:broken":{"minecraft:iron_shovel":5,"minecraft:stone_shovel":1,"minecraft:shield":1,"minecraft:diamond_axe":1,"minecraft:iron_axe":1,"minecraft:iron_pickaxe":3},"minecraft:crafted":{"minecraft:oak_planks":940,"minecraft:cobblestone_slab":102,"minecraft:diamond_shovel":1,"minecraft:bookshelf":8,"minecraft:glass":48,"minecraft:diamond_leggings":1,"minecraft:chest":28,"ava:gun_crafting_table":1,"minecraft:oak_fence":90,"ava:gun_modifying_table":1,"minecraft:oak_slab":24,"travelersbackpack:iron_tier_upgrade":1,"minecraft:emerald":563,"minecraft:diamond_axe":2,"minecraft:crafting_table":7,"minecraft:spruce_planks":8980,"minecraft:wooden_pickaxe":1,"travelersbackpack:standard":1,"minecraft:smithing_table":1,"minecraft:copper_ingot":6,"minecraft:fletching_table":18,"minecraft:gold_block":7,"minecraft:spruce_trapdoor":24,"minecraft:lectern":1,"minecraft:diamond_pickaxe":1,"minecraft:shield":3,"minecraft:stick":17944,"minecraft:iron_ingot":55,"minecraft:iron_pickaxe":3,"minecraft:snow_block":3,"minecraft:iron_block":6,"minecraft:stone_sword":2,"minecraft:gold_ingot":18,"minecraft:light_gray_carpet":15,"minecraft:composter":2,"minecraft:spruce_fence_gate":4,"minecraft:shears":3,"minecraft:coal":27,"minecraft:stone_shovel":2,"minecraft:furnace":9,"minecraft:spruce_fence":3,"minecraft:white_carpet":15,"travelersbackpack:blank_upgrade":4,"travelersbackpack:villager":1,"minecraft:oak_trapdoor":8,"minecraft:diamond":18,"travelersbackpack:white_sleeping_bag":2,"minecraft:iron_axe":2,"minecraft:iron_hoe":2,"minecraft:spruce_slab":42,"minecraft:stone_pickaxe":2,"minecraft:diamond_boots":1,"minecraft:spruce_boat":3,"minecraft:dark_oak_planks":16,"minecraft:wheat":126,"travelersbackpack:backpack_tank":2,"minecraft:iron_sword":2,"minecraft:mangrove_planks":8,"minecraft:bucket":10,"minecraft:stone_axe":2,"minecraft:enchanted_book":7,"minecraft:bread":846,"minecraft:air":0,"minecraft:oak_boat":2,"minecraft:wooden_axe":2,"minecraft:iron_shovel":6,"minecraft:anvil":2,"minecraft:white_bed":1,"minecraft:torch":288},"minecraft:custom":{"minecraft:animals_bred":28,"minecraft:interact_with_crafting_table":100,"minecraft:open_barrel":29,"minecraft:eat_cake_slice":2,"minecraft:leave_game":19,"minecraft:time_since_death":1247,"minecraft:sprint_one_cm":1458613,"minecraft:damage_blocked_by_shield":4095,"minecraft:drop":299,"minecraft:play_noteblock":4,"minecraft:talked_to_villager":239,"minecraft:play_time":699785,"minecraft:deaths":4,"minecraft:jump":12835,"minecraft:interact_with_brewingstand":1,"minecraft:walk_on_water_one_cm":92666,"minecraft:interact_with_furnace":49,"minecraft:traded_with_villager":713,"minecraft:interact_with_loom":1,"minecraft:sleep_in_bed":59,"minecraft:damage_dealt":25078,"minecraft:crouch_one_cm":65279,"minecraft:interact_with_smoker":1,"minecraft:horse_one_cm":375,"minecraft:interact_with_smithing_table":1,"minecraft:interact_with_anvil":4,"minecraft:mob_kills":126,"minecraft:climb_one_cm":99894,"minecraft:walk_one_cm":1996966,"minecraft:sneak_time":22666,"minecraft:walk_under_water_one_cm":66484,"minecraft:boat_one_cm":569727,"minecraft:interact_with_blast_furnace":15,"minecraft:total_world_time":699785,"minecraft:tune_noteblock":1,"minecraft:time_since_rest":1290,"minecraft:damage_absorbed":10,"minecraft:damage_taken":7595,"minecraft:swim_one_cm":165359,"minecraft:fly_one_cm":3075104,"minecraft:open_chest":557,"minecraft:fall_one_cm":410948},"minecraft:picked_up":{"minecraft:wheat":203,"minecraft:oak_stairs":3,"minecraft:potion":6,"minecraft:enchanted_book":16,"minecraft:stone_brick_stairs":2,"ava:lens":14,"minecraft:brewing_stand":2,"minecraft:golden_sword":4,"ava:shotgun_ammo":38,"minecraft:polished_deepslate_wall":1,"minecraft:polished_deepslate":2,"minecraft:string":13,"betternether:blue_obsidian":2,"minecraft:raw_copper":438,"minecraft:red_nether_bricks":3,"minecraft:gold_nugget":211,"minecraft:cobbled_deepslate":52,"minecraft:bucket":1,"minecraft:spruce_planks":82,"minecraft:rose_bush":1,"minecraft:cobblestone_slab":112,"minecraft:calcite":13,"minecraft:smooth_quartz":18,"minecraft:coal_block":19,"minecraft:smooth_quartz_stairs":4,"minecraft:furnace":8,"minecraft:tipped_arrow":4,"minecraft:stick":255,"minecraft:composter":33,"minecraft:oak_fence":18,"minecraft:torch":64,"minecraft:spruce_stairs":12,"ava:work_hardened_iron":9,"minecraft:sandstone_wall":1,"ava:regular_sniper_magazine":3,"minecraft:cherry_log":8,"minecraft:diorite":19,"minecraft:cauldron":15,"minecraft:stone_sword":3,"minecraft:rotten_flesh":40,"minecraft:tropical_fish":4,"minecraft:iron_block":4,"ava:keltec":1,"ava:packed_gunpowder":10,"ava:silicon":9,"minecraft:obsidian":6,"minecraft:cod":9,"minecraft:iron_bars":3,"minecraft:snowball":387,"alexsmobs:flying_fish":1,"minecraft:cobblestone":1580,"minecraft:pink_petals":40,"minecraft:feather":3,"minecraft:warped_fungus_on_a_stick":2,"minecraft:iron_door":1,"minecraft:chiseled_quartz_block":8,"minecraft:smoker":4,"minecraft:potato":85,"minecraft:mangrove_slab":2,"minecraft:flint":36,"minecraft:stripped_spruce_wood":3,"minecraft:tuff":14,"ava:large_pistol_magazine":1,"travelersbackpack:gold_tier_upgrade":1,"minecraft:gray_concrete":3,"minecraft:lapis_lazuli":33,"minecraft:dirt":1775,"minecraft:bone":17,"minecraft:stonecutter":1,"minecraft:bow":1,"minecraft:wheat_seeds":644,"minecraft:fletching_table":52,"minecraft:diamond_helmet":2,"minecraft:oak_planks":209,"minecraft:diorite_wall":10,"minecraft:stripped_acacia_wood":6,"minecraft:sand":58,"minecraft:stripped_spruce_log":24,"minecraft:nether_brick_stairs":1,"minecraft:loom":1,"minecraft:diamond_block":2,"alexsmobs:animal_dictionary":1,"minecraft:barrel":3,"minecraft:mossy_cobblestone":3,"travelersbackpack:white_sleeping_bag":13,"minecraft:iron_hoe":1,"minecraft:light_gray_concrete":9,"minecraft:diamond":43,"minecraft:spruce_boat":34,"minecraft:granite":3,"minecraft:grass":1,"minecraft:golden_apple":10,"minecraft:emerald":8,"minecraft:bread":42,"ava:pistol_ammo":83,"minecraft:oak_sapling":82,"minecraft:light_gray_carpet":28,"minecraft:netherrack":6,"minecraft:diamond_pickaxe":1,"minecraft:spruce_leaves":2,"minecraft:crafting_table":20,"minecraft:splash_potion":4,"minecraft:ladder":25,"minecraft:gold_block":12,"minecraft:diamond_horse_armor":1,"minecraft:oak_trapdoor":12,"minecraft:white_carpet":2,"minecraft:iron_shovel":2,"minecraft:cyan_carpet":5,"minecraft:beef":11,"minecraft:oak_boat":6,"minecraft:poppy":1,"minecraft:light_gray_wool":10,"minecraft:spruce_slab":17,"minecraft:lectern":1,"minecraft:chest":31,"minecraft:sugar_cane":14,"minecraft:spruce_trapdoor":55,"minecraft:raw_iron":103,"minecraft:stripped_mangrove_wood":7,"minecraft:copper_ingot":58,"minecraft:spruce_fence":9,"minecraft:note_block":1,"minecraft:carrot":200,"minecraft:redstone":5,"minecraft:stone_pressure_plate":1,"minecraft:tnt":2,"ava:sa58":1,"minecraft:stone_shovel":2,"minecraft:arrow":24,"minecraft:diamond_chestplate":2,"minecraft:cooked_cod":7,"minecraft:hay_block":29,"minecraft:stripped_dark_oak_wood":4,"minecraft:totem_of_undying":4,"minecraft:saddle":4,"minecraft:gold_ingot":145,"minecraft:white_wool":26,"minecraft:golden_carrot":26,"minecraft:salmon":21,"minecraft:leather":8,"ava:small_pistol_magazine":1,"minecraft:oak_log":243,"minecraft:gunpowder":2,"minecraft:yellow_bed":2,"minecraft:cobblestone_wall":3,"minecraft:cobblestone_stairs":13,"ava:fuse":15,"minecraft:blue_bed":8,"minecraft:red_carpet":4,"minecraft:apple":12,"minecraft:stone_bricks":13,"minecraft:iron_ingot":94,"minecraft:stone_pickaxe":2,"ava:small_sub_machinegun_magazine":6,"minecraft:dark_oak_stairs":3,"minecraft:book":24,"minecraft:oak_slab":5,"minecraft:emerald_block":1,"minecraft:yellow_concrete":6,"minecraft:dripstone_block":3,"minecraft:gravel":298,"minecraft:spruce_sapling":306,"minecraft:blast_furnace":16,"minecraft:white_bed":22,"minecraft:spruce_log":2284,"minecraft:spruce_door":1,"minecraft:spider_eye":4,"minecraft:stone_axe":3,"minecraft:stripped_jungle_wood":2,"minecraft:painting":1,"minecraft:cherry_sapling":3,"minecraft:coal":436},"minecraft:mined":{"minecraft:spruce_planks":36,"minecraft:white_bed":22,"minecraft:farmland":24,"minecraft:cherry_log":9,"minecraft:cobblestone_stairs":5,"minecraft:red_nether_bricks":4,"minecraft:brewing_stand":1,"minecraft:obsidian":4,"minecraft:spruce_trapdoor":51,"minecraft:granite":3,"minecraft:grass_block":1100,"minecraft:coal_block":19,"minecraft:composter":32,"minecraft:spawner":9,"minecraft:iron_ore":101,"minecraft:fire":1,"minecraft:barrel":3,"minecraft:fletching_table":52,"minecraft:nether_brick_stairs":1,"minecraft:stripped_dark_oak_wood":5,"minecraft:dark_oak_stairs":3,"minecraft:water_cauldron":5,"minecraft:dirt_path":102,"minecraft:iron_bars":3,"minecraft:oak_stairs":3,"minecraft:light_gray_concrete":9,"minecraft:stripped_mangrove_wood":7,"minecraft:spruce_slab":13,"minecraft:tripwire":7,"minecraft:smoker":4,"minecraft:powder_snow":14,"minecraft:chiseled_quartz_block":7,"minecraft:torch":16,"minecraft:note_block":1,"minecraft:blast_furnace":16,"minecraft:calcite":14,"minecraft:chest":28,"minecraft:glass":24,"minecraft:cobblestone":151,"minecraft:oak_planks":24,"minecraft:iron_door":2,"minecraft:wall_torch":10,"minecraft:cauldron":5,"minecraft:pink_petals":16,"minecraft:wheat":263,"minecraft:light_gray_wool":4,"minecraft:stone_brick_stairs":2,"minecraft:grass":112,"minecraft:oak_log":243,"minecraft:diorite_wall":5,"minecraft:loom":1,"minecraft:dirt":407,"minecraft:sand":59,"minecraft:smooth_quartz":18,"minecraft:sandstone_wall":1,"minecraft:stonecutter":1,"minecraft:netherrack":6,"minecraft:polished_deepslate_wall":1,"minecraft:oak_leaves":24,"minecraft:deepslate":56,"minecraft:emerald_block":1,"minecraft:tuff":14,"minecraft:mossy_cobblestone":2,"minecraft:ladder":13,"minecraft:spruce_fence":6,"minecraft:stripped_jungle_wood":2,"minecraft:redstone_wire":2,"travelersbackpack:white_sleeping_bag":12,"minecraft:spruce_leaves":17,"minecraft:sandstone":5,"minecraft:hay_block":29,"minecraft:oak_trapdoor":14,"minecraft:spruce_sapling":33,"minecraft:furnace":7,"minecraft:carrots":23,"minecraft:snow":97,"minecraft:stripped_spruce_log":12,"minecraft:gold_block":5,"minecraft:polished_deepslate":2,"minecraft:bookshelf":8,"minecraft:potatoes":22,"minecraft:cobblestone_slab":45,"minecraft:smooth_quartz_stairs":4,"minecraft:stone":1142,"minecraft:white_wool":4,"minecraft:podzol":81,"minecraft:light_gray_carpet":16,"minecraft:gray_concrete":3,"minecraft:snow_block":51,"minecraft:oak_fence":18,"minecraft:crafting_table":15,"minecraft:emerald_ore":4,"minecraft:rose_bush":1,"minecraft:lectern":1,"minecraft:copper_ore":99,"minecraft:tall_grass":6,"minecraft:lapis_ore":5,"minecraft:diorite":18,"minecraft:blue_bed":7,"minecraft:spruce_stairs":7,"minecraft:black_stained_glass":2,"minecraft:purple_bed":1,"minecraft:stripped_spruce_wood":3,"minecraft:cobblestone_wall":3,"minecraft:ice":2,"minecraft:white_carpet":1,"minecraft:spruce_log":2277,"minecraft:yellow_bed":2,"minecraft:mangrove_slab":2,"minecraft:coal_ore":240,"minecraft:cyan_carpet":5,"minecraft:dripstone_block":1,"minecraft:gravel":329,"minecraft:yellow_concrete":6,"minecraft:stripped_acacia_wood":3,"minecraft:stone_bricks":13},"minecraft:killed_by":{"alexsmobs:tiger":1},"minecraft:used":{"minecraft:iron_shovel":1516,"minecraft:spruce_slab":41,"minecraft:ladder":1,"minecraft:chest":56,"minecraft:shield":59,"minecraft:iron_sword":470,"minecraft:spruce_leaves":2,"minecraft:carrot":37,"minecraft:snowball":19,"minecraft:stripped_spruce_log":1,"minecraft:spruce_boat":35,"minecraft:glass":36,"minecraft:stone_bricks":10,"minecraft:oak_sapling":38,"minecraft:furnace":14,"minecraft:potato":31,"minecraft:stripped_spruce_wood":3,"ava:gun_crafting_table":1,"minecraft:dark_oak_stairs":2,"minecraft:warped_fungus_on_a_stick":17,"minecraft:mangrove_planks":1,"minecraft:stone_pickaxe":49,"minecraft:oak_planks":219,"minecraft:wooden_pickaxe":3,"minecraft:blue_bed":7,"minecraft:diamond_axe":2322,"minecraft:composter":33,"minecraft:golden_apple":1,"minecraft:white_wool":4,"minecraft:sand":4,"minecraft:blast_furnace":5,"minecraft:yellow_concrete":4,"minecraft:chiseled_quartz_block":4,"minecraft:dripstone_block":1,"minecraft:shears":3,"minecraft:bread":126,"minecraft:cyan_carpet":3,"minecraft:lectern":1,"minecraft:gravel":280,"minecraft:iron_door":1,"minecraft:smithing_table":1,"minecraft:oak_boat":5,"minecraft:oak_fence":108,"minecraft:oak_trapdoor":20,"minecraft:iron_bars":1,"minecraft:stone_sword":61,"minecraft:stone_shovel":132,"minecraft:light_gray_carpet":17,"minecraft:spruce_planks":43,"minecraft:netherrack":6,"minecraft:torch":245,"minecraft:dirt":818,"minecraft:anvil":1,"minecraft:white_carpet":12,"minecraft:spruce_stairs":6,"minecraft:cobblestone_wall":3,"minecraft:spruce_fence":5,"ava:gun_modifying_table":1,"minecraft:iron_hoe":272,"minecraft:wooden_axe":90,"minecraft:bookshelf":7,"minecraft:iron_axe":519,"minecraft:oak_stairs":2,"minecraft:barrel":2,"minecraft:golden_carrot":19,"minecraft:stone_pressure_plate":1,"minecraft:calcite":3,"minecraft:wheat_seeds":379,"minecraft:water_bucket":141,"minecraft:cauldron":5,"minecraft:fletching_table":59,"minecraft:spruce_fence_gate":4,"minecraft:cobblestone_slab":119,"minecraft:mossy_cobblestone":1,"minecraft:crafting_table":20,"minecraft:white_bed":20,"minecraft:painting":1,"minecraft:cake":1,"minecraft:spruce_log":1,"minecraft:smoker":3,"minecraft:oak_log":4,"minecraft:diamond_pickaxe":1288,"minecraft:diamond_shovel":636,"minecraft:iron_pickaxe":750,"travelersbackpack:white_sleeping_bag":12,"minecraft:spruce_trapdoor":67,"minecraft:spruce_sapling":266,"minecraft:stone_axe":101,"minecraft:cobblestone":390,"travelersbackpack:standard":1,"minecraft:bucket":150,"minecraft:yellow_bed":2,"minecraft:splash_potion":1}},"DataVersion":3465}