{"stats":{"minecraft:killed":{"minecraft:skeleton":2,"minecraft:husk":1,"minecraft:iron_golem":1,"minecraft:hoglin":1,"minecraft:cow":1},"minecraft:broken":{"minecraft:stone_shovel":1},"minecraft:picked_up":{"minecraft:crafting_table":12,"minecraft:wheat":1,"minecraft:splash_potion":3,"minecraft:enchanted_book":1,"minecraft:gold_block":2,"minecraft:potion":3,"minecraft:diamond_horse_armor":1,"minecraft:golden_sword":4,"betternether:blue_obsidian":2,"minecraft:gold_nugget":208,"minecraft:spruce_planks":33,"minecraft:beef":2,"minecraft:oak_boat":3,"minecraft:sugar_cane":7,"minecraft:chest":4,"minecraft:raw_iron":16,"minecraft:stick":28,"minecraft:composter":3,"minecraft:torch":23,"minecraft:spruce_stairs":2,"minecraft:carrot":20,"minecraft:redstone":4,"minecraft:cauldron":6,"minecraft:diamond_chestplate":2,"minecraft:rotten_flesh":1,"minecraft:stone_sword":2,"minecraft:stone_shovel":2,"minecraft:totem_of_undying":2,"minecraft:saddle":3,"minecraft:gold_ingot":79,"minecraft:white_wool":13,"minecraft:snowball":83,"minecraft:cobblestone":50,"minecraft:golden_carrot":26,"minecraft:smoker":1,"minecraft:potato":12,"minecraft:flint":6,"minecraft:oak_log":79,"minecraft:gray_concrete":2,"minecraft:blue_bed":1,"minecraft:dirt":265,"minecraft:apple":1,"minecraft:wheat_seeds":6,"minecraft:iron_ingot":15,"minecraft:stone_pickaxe":2,"minecraft:diamond_helmet":2,"minecraft:fletching_table":1,"minecraft:oak_planks":203,"minecraft:stripped_acacia_wood":6,"minecraft:gravel":24,"minecraft:blast_furnace":2,"minecraft:white_bed":4,"minecraft:diamond":32,"minecraft:stone_axe":2,"minecraft:stripped_jungle_wood":2,"minecraft:golden_apple":6,"minecraft:oak_sapling":31,"minecraft:coal":105},"minecraft:custom":{"minecraft:mob_kills":9,"minecraft:interact_with_crafting_table":23,"minecraft:open_barrel":2,"minecraft:leave_game":3,"minecraft:time_since_death":57370,"minecraft:climb_one_cm":33002,"minecraft:sprint_one_cm":150296,"minecraft:walk_one_cm":239900,"minecraft:drop":17,"minecraft:talked_to_villager":11,"minecraft:play_time":90271,"minecraft:deaths":3,"minecraft:sneak_time":4676,"minecraft:walk_under_water_one_cm":9105,"minecraft:boat_one_cm":35010,"minecraft:jump":1655,"minecraft:interact_with_blast_furnace":5,"minecraft:walk_on_water_one_cm":3136,"minecraft:total_world_time":90271,"minecraft:sleep_in_bed":4,"minecraft:time_since_rest":1459,"minecraft:damage_taken":4374,"minecraft:damage_absorbed":10,"minecraft:damage_dealt":2400,"minecraft:swim_one_cm":10517,"minecraft:fly_one_cm":253906,"minecraft:open_chest":35,"minecraft:crouch_one_cm":17197,"minecraft:fall_one_cm":80708},"minecraft:dropped":{"betternether:blue_obsidian":2,"minecraft:apple":1,"minecraft:saddle":1,"minecraft:wooden_axe":1,"minecraft:gold_nugget":104,"minecraft:redstone":2,"minecraft:stripped_jungle_wood":2,"minecraft:wheat":1,"minecraft:stripped_acacia_wood":1,"minecraft:oak_sapling":16,"minecraft:golden_sword":2,"minecraft:wooden_pickaxe":1,"minecraft:stone_pickaxe":1},"minecraft:used":{"minecraft:stone_sword":61,"minecraft:iron_shovel":247,"minecraft:stone_shovel":132,"minecraft:chest":2,"minecraft:spruce_planks":9,"minecraft:torch":17,"minecraft:dirt":259,"minecraft:carrot":22,"minecraft:snowball":1,"minecraft:iron_hoe":59,"minecraft:wooden_axe":90,"minecraft:golden_carrot":16,"minecraft:oak_sapling":15,"minecraft:potato":12,"minecraft:wheat_seeds":6,"minecraft:water_bucket":23,"minecraft:stone_pickaxe":49,"minecraft:oak_planks":216,"minecraft:wooden_pickaxe":3,"minecraft:composter":3,"minecraft:cauldron":2,"minecraft:fletching_table":4,"minecraft:blue_bed":1,"minecraft:white_wool":4,"minecraft:golden_apple":1,"minecraft:crafting_table":10,"minecraft:blast_furnace":2,"minecraft:white_bed":5,"minecraft:iron_pickaxe":47,"minecraft:gravel":24,"minecraft:stone_axe":65,"minecraft:cobblestone":18,"minecraft:bucket":23,"minecraft:oak_boat":3},"minecraft:mined":{"minecraft:spruce_planks":20,"minecraft:white_bed":4,"minecraft:grass_block":238,"minecraft:stripped_jungle_wood":2,"minecraft:redstone_wire":1,"minecraft:spruce_leaves":1,"minecraft:composter":3,"minecraft:spawner":2,"minecraft:carrots":2,"minecraft:iron_ore":16,"minecraft:snow":83,"minecraft:fletching_table":1,"minecraft:gold_block":2,"minecraft:potatoes":10,"minecraft:water_cauldron":4,"minecraft:dirt_path":15,"minecraft:stone":31,"minecraft:white_wool":4,"minecraft:gray_concrete":2,"minecraft:smoker":1,"minecraft:crafting_table":9,"minecraft:torch":4,"minecraft:blast_furnace":2,"minecraft:chest":1,"minecraft:cobblestone":2,"minecraft:oak_planks":15,"minecraft:blue_bed":1,"minecraft:wall_torch":1,"minecraft:cauldron":2,"minecraft:wheat":5,"minecraft:grass":5,"minecraft:oak_log":77,"minecraft:coal_ore":34,"minecraft:gravel":30,"minecraft:dirt":13,"minecraft:stripped_acacia_wood":3,"minecraft:oak_leaves":19},"minecraft:crafted":{"minecraft:oak_planks":316,"minecraft:stone_shovel":1,"minecraft:diamond_leggings":1,"minecraft:iron_hoe":1,"minecraft:stone_pickaxe":1,"minecraft:diamond_boots":1,"minecraft:oak_slab":12,"minecraft:crafting_table":2,"minecraft:wooden_pickaxe":1,"minecraft:fletching_table":3,"minecraft:bucket":1,"minecraft:stone_axe":1,"minecraft:air":0,"minecraft:oak_boat":1,"minecraft:shield":1,"minecraft:stick":48,"minecraft:iron_ingot":16,"minecraft:iron_pickaxe":1,"minecraft:wooden_axe":2,"minecraft:stone_sword":1,"minecraft:iron_shovel":1,"minecraft:gold_ingot":18,"minecraft:white_bed":1,"minecraft:composter":1,"minecraft:torch":12}},"DataVersion":3465}